budget,budget_per_person,travelers_count,duration_days,preference_encoded,has_nightlife,has_adventure,has_nature,has_food,has_temples,has_shopping,has_beaches,interest_count,trip_style
15961.46968795447,7980.734843977235,2,5,0,0.0,0.0,1.0,1.0,1.0,1.0,0.0,4.0,CULTURAL
138049.7991234352,46016.59970781173,3,6,2,0.0,0.0,1.0,1.0,0.0,1.0,1.0,4.0,LUXURY
28428.198554688126,14214.099277344063,2,4,1,1.0,0.0,0.0,0.0,0.0,1.0,1.0,3.0,NIGHTLIFE
247100.96952429914,123550.48476214957,2,6,2,0.0,0.0,1.0,1.0,0.0,1.0,1.0,4.0,LUXURY
23314.600509871947,11657.300254935973,2,5,0,0.0,0.0,1.0,1.0,1.0,1.0,0.0,4.0,CULTURAL
15817.817262293456,15817.817262293456,1,2,0,0.0,0.0,1.0,1.0,1.0,0.0,0.0,3.0,BUDGET
61184.305133511676,15296.076283377919,4,6,1,0.0,1.0,1.0,1.0,0.0,0.0,0.0,3.0,ADVENTURE
235249.04666747598,117624.52333373799,2,6,2,0.0,0.0,1.0,1.0,0.0,1.0,1.0,4.0,LUXURY
27956.145242034665,13978.072621017332,2,8,0,0.0,1.0,1.0,1.0,0.0,0.0,0.0,3.0,ADVENTURE
30704.0319544683,10234.6773181561,3,5,2,1.0,0.0,0.0,1.0,0.0,0.0,1.0,3.0,NIGHTLIFE
81492.12603114801,40746.06301557401,2,7,2,0.0,0.0,1.0,1.0,0.0,1.0,1.0,4.0,LUXURY
16394.146529206326,8197.073264603163,2,2,0,0.0,0.0,1.0,1.0,0.0,1.0,0.0,3.0,BUDGET
40394.16038201831,10098.540095504577,4,3,1,1.0,0.0,0.0,1.0,0.0,0.0,1.0,3.0,NIGHTLIFE
57675.006670508665,14418.751667627166,4,5,0,0.0,1.0,1.0,1.0,0.0,0.0,0.0,3.0,ADVENTURE
91438.38419665747,91438.38419665747,1,3,2,0.0,0.0,1.0,1.0,0.0,1.0,1.0,4.0,LUXURY
88781.75070948897,29593.91690316299,3,3,2,0.0,0.0,1.0,1.0,0.0,1.0,1.0,4.0,LUXURY
12610.421976550639,12610.421976550639,1,2,0,0.0,0.0,1.0,1.0,1.0,0.0,0.0,3.0,BUDGET
178150.07820734353,178150.07820734353,1,4,2,0.0,0.0,1.0,1.0,0.0,1.0,1.0,4.0,LUXURY
63399.81474514545,21133.27158171515,3,4,0,0.0,1.0,1.0,1.0,0.0,0.0,0.0,3.0,ADVENTURE
61363.05177022102,20454.350590073675,3,5,0,0.0,1.0,1.0,1.0,0.0,0.0,0.0,3.0,ADVENTURE
36144.04009446365,18072.020047231825,2,4,2,1.0,0.0,0.0,1.0,0.0,0.0,1.0,3.0,NIGHTLIFE
38426.039572722555,38426.039572722555,1,5,0,0.0,0.0,1.0,1.0,1.0,1.0,0.0,4.0,CULTURAL
58303.24060335269,29151.620301676347,2,3,2,1.0,0.0,0.0,1.0,0.0,0.0,1.0,3.0,NIGHTLIFE
49326.64110360981,16442.21370120327,3,4,0,0.0,0.0,1.0,1.0,1.0,1.0,0.0,4.0,CULTURAL
38200.90396484544,12733.63465494848,3,8,1,0.0,1.0,1.0,1.0,0.0,0.0,0.0,3.0,ADVENTURE
70392.29709706292,17598.07427426573,4,4,1,0.0,0.0,1.0,1.0,1.0,1.0,0.0,4.0,FAMILY
39036.035749151735,19518.017874575868,2,6,0,0.0,1.0,1.0,1.0,0.0,0.0,0.0,3.0,ADVENTURE
165467.5325736341,165467.5325736341,1,7,2,0.0,0.0,1.0,1.0,0.0,1.0,1.0,4.0,LUXURY
39116.793042342935,9779.198260585734,4,5,1,0.0,1.0,1.0,1.0,0.0,0.0,0.0,3.0,ADVENTURE
37758.927488278154,12586.309162759384,3,6,0,0.0,0.0,1.0,1.0,1.0,1.0,0.0,4.0,CULTURAL
207040.58478517566,69013.52826172522,3,6,2,0.0,0.0,1.0,1.0,0.0,1.0,1.0,4.0,LUXURY
49449.155301142004,12362.288825285501,4,3,2,1.0,0.0,0.0,1.0,0.0,0.0,1.0,3.0,NIGHTLIFE
21248.192624540956,10624.096312270478,2,6,1,0.0,0.0,1.0,1.0,1.0,1.0,0.0,4.0,CULTURAL
46975.98607255926,15658.66202418642,3,3,2,1.0,0.0,0.0,0.0,0.0,1.0,1.0,3.0,NIGHTLIFE
39445.21940859696,13148.40646953232,3,5,1,1.0,0.0,0.0,0.0,0.0,1.0,1.0,3.0,NIGHTLIFE
28522.884799788244,9507.62826659608,3,3,1,0.0,0.0,1.0,1.0,1.0,1.0,0.0,4.0,CULTURAL
14447.161000568842,14447.161000568842,1,4,0,0.0,0.0,1.0,1.0,0.0,1.0,0.0,3.0,BUDGET
44583.12893546516,14861.042978488387,3,4,1,0.0,0.0,1.0,1.0,1.0,1.0,0.0,4.0,FAMILY
78931.56437002652,15786.312874005303,5,5,1,0.0,0.0,1.0,1.0,1.0,1.0,0.0,4.0,FAMILY
56077.607869966,18692.535956655334,3,5,2,1.0,0.0,0.0,1.0,0.0,0.0,1.0,3.0,NIGHTLIFE
51309.06511179865,17103.02170393288,3,4,2,0.0,0.0,1.0,1.0,1.0,1.0,0.0,4.0,FAMILY
41385.07487547248,10346.26871886812,4,5,1,0.0,1.0,1.0,1.0,0.0,0.0,0.0,3.0,ADVENTURE
59917.87421488794,11983.574842977589,5,4,2,0.0,0.0,1.0,1.0,1.0,1.0,0.0,4.0,FAMILY
50473.8926502602,12618.47316256505,4,4,2,0.0,0.0,1.0,1.0,1.0,1.0,0.0,4.0,FAMILY
11343.757570839338,11343.757570839338,1,2,0,0.0,0.0,1.0,1.0,1.0,0.0,0.0,3.0,BUDGET
53794.85391020916,13448.71347755229,4,3,2,1.0,0.0,0.0,0.0,0.0,1.0,1.0,3.0,NIGHTLIFE
25748.071017608705,8582.690339202902,3,6,0,0.0,0.0,1.0,1.0,1.0,1.0,0.0,4.0,CULTURAL
46732.86539331996,15577.62179777332,3,4,0,0.0,0.0,1.0,1.0,1.0,1.0,0.0,4.0,CULTURAL
26311.79874500821,13155.899372504105,2,4,0,0.0,0.0,1.0,1.0,1.0,1.0,0.0,4.0,CULTURAL
25346.02325642072,6336.50581410518,4,4,1,1.0,0.0,0.0,1.0,0.0,0.0,1.0,3.0,NIGHTLIFE
34779.27736125521,8694.819340313803,4,4,1,1.0,0.0,0.0,0.0,0.0,1.0,1.0,3.0,NIGHTLIFE
133719.51399128867,66859.75699564433,2,4,2,0.0,0.0,1.0,1.0,0.0,1.0,1.0,4.0,LUXURY
72560.34570243844,12093.390950406407,6,4,1,0.0,0.0,1.0,1.0,1.0,1.0,0.0,4.0,FAMILY
227509.35664627064,227509.35664627064,1,5,2,0.0,0.0,1.0,1.0,0.0,1.0,1.0,4.0,LUXURY
119613.22394746191,39871.07464915397,3,4,2,0.0,0.0,1.0,1.0,0.0,1.0,1.0,4.0,LUXURY
44802.121357629134,22401.060678814567,2,4,0,0.0,0.0,1.0,1.0,1.0,1.0,0.0,4.0,CULTURAL
48102.177403622154,48102.177403622154,1,3,1,0.0,0.0,1.0,1.0,1.0,1.0,0.0,4.0,CULTURAL
49434.91596723712,16478.305322412372,3,8,0,0.0,1.0,1.0,1.0,0.0,0.0,0.0,3.0,ADVENTURE
25050.044238828432,6262.511059707108,4,6,0,0.0,1.0,1.0,1.0,0.0,0.0,0.0,3.0,ADVENTURE
45262.71177241866,22631.35588620933,2,6,1,0.0,1.0,1.0,1.0,0.0,0.0,0.0,3.0,ADVENTURE
122648.49019173879,40882.83006391293,3,3,2,0.0,0.0,1.0,1.0,0.0,1.0,1.0,4.0,LUXURY
39955.82658143768,19977.91329071884,2,3,2,1.0,0.0,0.0,1.0,0.0,0.0,1.0,3.0,NIGHTLIFE
112595.1569563453,37531.71898544843,3,6,2,0.0,0.0,1.0,1.0,0.0,1.0,1.0,4.0,LUXURY
38400.09582323195,9600.023955807988,4,5,2,1.0,0.0,0.0,0.0,0.0,1.0,1.0,3.0,NIGHTLIFE
137093.3927966837,45697.79759889457,3,5,2,0.0,0.0,1.0,1.0,0.0,1.0,1.0,4.0,LUXURY
48596.633395843244,9719.32667916865,5,4,2,0.0,0.0,1.0,1.0,1.0,1.0,0.0,4.0,FAMILY
48920.746870902905,16306.915623634302,3,8,1,0.0,1.0,1.0,1.0,0.0,0.0,0.0,3.0,ADVENTURE
61146.86914675593,20382.28971558531,3,6,1,0.0,0.0,1.0,1.0,1.0,1.0,0.0,4.0,FAMILY
177678.97358381952,88839.48679190976,2,5,2,0.0,0.0,1.0,1.0,0.0,1.0,1.0,4.0,LUXURY
58112.600680100244,19370.866893366747,3,4,1,1.0,0.0,0.0,1.0,0.0,0.0,1.0,3.0,NIGHTLIFE
38381.268908881255,19190.634454440627,2,7,1,0.0,1.0,1.0,1.0,0.0,0.0,0.0,3.0,ADVENTURE
199354.03637036443,199354.03637036443,1,4,2,0.0,0.0,1.0,1.0,0.0,1.0,1.0,4.0,LUXURY
30664.948267779022,30664.948267779022,1,3,0,0.0,0.0,1.0,1.0,1.0,1.0,0.0,4.0,CULTURAL
162826.04117672535,162826.04117672535,1,6,2,0.0,0.0,1.0,1.0,0.0,1.0,1.0,4.0,LUXURY
14424.026768186282,14424.026768186282,1,2,0,0.0,0.0,1.0,1.0,1.0,0.0,0.0,3.0,BUDGET
12774.2671885489,6387.13359427445,2,4,0,0.0,0.0,1.0,1.0,0.0,1.0,0.0,3.0,BUDGET
43965.34261182458,43965.34261182458,1,3,0,0.0,0.0,1.0,1.0,1.0,1.0,0.0,4.0,CULTURAL
13236.029979278672,6618.014989639336,2,2,0,0.0,0.0,1.0,1.0,0.0,1.0,0.0,3.0,BUDGET
33948.45810954143,11316.152703180478,3,5,1,0.0,0.0,1.0,1.0,1.0,1.0,0.0,4.0,FAMILY
32627.684133972638,10875.894711324212,3,5,0,0.0,1.0,1.0,1.0,0.0,0.0,0.0,3.0,ADVENTURE
11230.918771392571,11230.918771392571,1,3,0,0.0,0.0,1.0,1.0,1.0,0.0,0.0,3.0,BUDGET
37001.204877665885,6166.867479610981,6,5,1,0.0,0.0,1.0,1.0,1.0,1.0,0.0,4.0,FAMILY
218735.69999542445,218735.69999542445,1,6,2,0.0,0.0,1.0,1.0,0.0,1.0,1.0,4.0,LUXURY
71665.85357365063,11944.308928941771,6,7,1,0.0,0.0,1.0,1.0,1.0,1.0,0.0,4.0,FAMILY
51186.91268243814,12796.728170609535,4,4,1,0.0,0.0,1.0,1.0,1.0,1.0,0.0,4.0,FAMILY
29386.137671033975,14693.068835516988,2,5,2,1.0,0.0,0.0,1.0,0.0,0.0,1.0,3.0,NIGHTLIFE
35623.74430327129,17811.872151635645,2,3,1,1.0,0.0,0.0,0.0,0.0,1.0,1.0,3.0,NIGHTLIFE
33609.920448958794,6721.984089791758,5,6,1,0.0,0.0,1.0,1.0,1.0,1.0,0.0,4.0,FAMILY
18404.867822961245,18404.867822961245,1,3,0,0.0,0.0,1.0,1.0,1.0,0.0,0.0,3.0,BUDGET
13478.414845794923,6739.207422897462,2,3,0,0.0,0.0,1.0,1.0,0.0,1.0,0.0,3.0,BUDGET
62577.9675454759,20859.322515158634,3,5,1,0.0,1.0,1.0,1.0,0.0,0.0,0.0,3.0,ADVENTURE
43466.564915101255,7244.427485850209,6,4,1,0.0,0.0,1.0,1.0,1.0,1.0,0.0,4.0,FAMILY
9221.389671444846,4610.694835722423,2,3,0,0.0,0.0,1.0,1.0,1.0,0.0,0.0,3.0,BUDGET
35031.03149705268,11677.01049901756,3,3,1,0.0,0.0,1.0,1.0,1.0,1.0,0.0,4.0,CULTURAL
63812.34283307134,15953.085708267836,4,6,1,0.0,1.0,1.0,1.0,0.0,0.0,0.0,3.0,ADVENTURE
35737.27177117418,17868.63588558709,2,3,0,0.0,0.0,1.0,1.0,1.0,1.0,0.0,4.0,CULTURAL
34086.26728733891,8521.566821834727,4,5,1,0.0,0.0,1.0,1.0,1.0,1.0,0.0,4.0,FAMILY
34731.2737683938,17365.6368841969,2,8,0,0.0,1.0,1.0,1.0,0.0,0.0,0.0,3.0,ADVENTURE
55404.83059931829,13851.207649829572,4,4,0,0.0,1.0,1.0,1.0,0.0,0.0,0.0,3.0,ADVENTURE
33204.71967246397,16602.359836231986,2,4,1,0.0,0.0,1.0,1.0,1.0,1.0,0.0,4.0,CULTURAL
32056.571739256255,10685.523913085419,3,7,0,0.0,1.0,1.0,1.0,0.0,0.0,0.0,3.0,ADVENTURE
25945.949802679774,8648.64993422659,3,8,0,0.0,1.0,1.0,1.0,0.0,0.0,0.0,3.0,ADVENTURE
45308.47514994404,11327.11878748601,4,4,1,1.0,0.0,0.0,0.0,0.0,1.0,1.0,3.0,NIGHTLIFE
25243.221565270145,8414.407188423382,3,7,1,0.0,1.0,1.0,1.0,0.0,0.0,0.0,3.0,ADVENTURE
204418.36533870513,68139.4551129017,3,3,2,0.0,0.0,1.0,1.0,0.0,1.0,1.0,4.0,LUXURY
187995.04785104375,62665.015950347915,3,6,2,0.0,0.0,1.0,1.0,0.0,1.0,1.0,4.0,LUXURY
68267.15460583505,17066.788651458763,4,6,0,0.0,1.0,1.0,1.0,0.0,0.0,0.0,3.0,ADVENTURE
53689.22985375792,26844.61492687896,2,3,2,1.0,0.0,0.0,0.0,0.0,1.0,1.0,3.0,NIGHTLIFE
88966.47186757695,44483.23593378848,2,7,2,0.0,0.0,1.0,1.0,0.0,1.0,1.0,4.0,LUXURY
30547.77006845261,10182.590022817536,3,4,1,0.0,1.0,1.0,1.0,0.0,0.0,0.0,3.0,ADVENTURE
74120.81842036694,12353.469736727822,6,6,1,0.0,0.0,1.0,1.0,1.0,1.0,0.0,4.0,FAMILY
123797.43978979996,41265.81326326665,3,6,2,0.0,0.0,1.0,1.0,0.0,1.0,1.0,4.0,LUXURY
37940.25924542314,37940.25924542314,1,5,0,0.0,0.0,1.0,1.0,1.0,1.0,0.0,4.0,CULTURAL
158255.93860927006,52751.97953642335,3,5,2,0.0,0.0,1.0,1.0,0.0,1.0,1.0,4.0,LUXURY
37197.243095605925,9299.310773901481,4,3,1,1.0,0.0,0.0,0.0,0.0,1.0,1.0,3.0,NIGHTLIFE
32287.10169062564,8071.77542265641,4,5,2,0.0,0.0,1.0,1.0,1.0,1.0,0.0,4.0,FAMILY
168283.15774919154,84141.57887459577,2,7,2,0.0,0.0,1.0,1.0,0.0,1.0,1.0,4.0,LUXURY
107307.71414515362,53653.85707257681,2,6,2,0.0,0.0,1.0,1.0,0.0,1.0,1.0,4.0,LUXURY
51072.13328559552,17024.04442853184,3,5,2,1.0,0.0,0.0,0.0,0.0,1.0,1.0,3.0,NIGHTLIFE
31778.543351777418,5296.423891962903,6,4,1,0.0,0.0,1.0,1.0,1.0,1.0,0.0,4.0,FAMILY
40675.568315533594,8135.113663106718,5,6,1,0.0,0.0,1.0,1.0,1.0,1.0,0.0,4.0,FAMILY
31255.099233958495,7813.774808489624,4,8,1,0.0,1.0,1.0,1.0,0.0,0.0,0.0,3.0,ADVENTURE
21396.462106248953,10698.231053124477,2,3,2,1.0,0.0,0.0,0.0,0.0,1.0,1.0,3.0,NIGHTLIFE
163138.22807637815,81569.11403818907,2,3,2,0.0,0.0,1.0,1.0,0.0,1.0,1.0,4.0,LUXURY
239927.6460698584,239927.6460698584,1,7,2,0.0,0.0,1.0,1.0,0.0,1.0,1.0,4.0,LUXURY
71341.94418559386,11890.32403093231,6,4,1,0.0,0.0,1.0,1.0,1.0,1.0,0.0,4.0,FAMILY
21578.381315635972,10789.190657817986,2,3,2,1.0,0.0,0.0,1.0,0.0,0.0,1.0,3.0,NIGHTLIFE
29360.248103038128,14680.124051519064,2,4,1,0.0,0.0,1.0,1.0,1.0,1.0,0.0,4.0,CULTURAL
44062.15517199296,11015.53879299824,4,3,1,1.0,0.0,0.0,0.0,0.0,1.0,1.0,3.0,NIGHTLIFE
18195.768688128937,18195.768688128937,1,2,0,0.0,0.0,1.0,1.0,0.0,1.0,0.0,3.0,BUDGET
48913.05390110019,24456.526950550095,2,5,1,0.0,0.0,1.0,1.0,1.0,1.0,0.0,4.0,CULTURAL
45437.61307306844,22718.80653653422,2,5,2,1.0,0.0,0.0,1.0,0.0,0.0,1.0,3.0,NIGHTLIFE
26104.071102490365,26104.071102490365,1,4,1,0.0,0.0,1.0,1.0,1.0,1.0,0.0,4.0,CULTURAL
8220.6881185696,4110.3440592848,2,2,0,0.0,0.0,1.0,1.0,0.0,1.0,0.0,3.0,BUDGET
37691.75221804541,12563.917406015136,3,3,1,1.0,0.0,0.0,0.0,0.0,1.0,1.0,3.0,NIGHTLIFE
31814.45414664835,10604.818048882784,3,4,0,0.0,1.0,1.0,1.0,0.0,0.0,0.0,3.0,ADVENTURE
47661.75209671564,15887.250698905213,3,5,1,0.0,0.0,1.0,1.0,1.0,1.0,0.0,4.0,CULTURAL
13249.699064284749,13249.699064284749,1,3,0,0.0,0.0,1.0,1.0,0.0,1.0,0.0,3.0,BUDGET
209070.62654168915,69690.20884722972,3,3,2,0.0,0.0,1.0,1.0,0.0,1.0,1.0,4.0,LUXURY
21101.46879477862,5275.367198694655,4,5,1,1.0,0.0,0.0,0.0,0.0,1.0,1.0,3.0,NIGHTLIFE
20885.65901890518,5221.414754726295,4,3,2,1.0,0.0,0.0,0.0,0.0,1.0,1.0,3.0,NIGHTLIFE
201985.43505025108,201985.43505025108,1,3,2,0.0,0.0,1.0,1.0,0.0,1.0,1.0,4.0,LUXURY
25615.70866423065,12807.854332115325,2,5,1,0.0,1.0,1.0,1.0,0.0,0.0,0.0,3.0,ADVENTURE
39223.49577294688,19611.74788647344,2,6,0,0.0,1.0,1.0,1.0,0.0,0.0,0.0,3.0,ADVENTURE
53064.73382009955,26532.366910049775,2,3,1,1.0,0.0,0.0,1.0,0.0,0.0,1.0,3.0,NIGHTLIFE
36590.96645878135,12196.988819593784,3,6,0,0.0,0.0,1.0,1.0,1.0,1.0,0.0,4.0,CULTURAL
56768.03064610032,18922.67688203344,3,5,0,0.0,1.0,1.0,1.0,0.0,0.0,0.0,3.0,ADVENTURE
34070.85901102877,34070.85901102877,1,5,1,0.0,0.0,1.0,1.0,1.0,1.0,0.0,4.0,CULTURAL
46510.92838510718,15503.642795035727,3,3,1,0.0,0.0,1.0,1.0,1.0,1.0,0.0,4.0,CULTURAL
52761.00745409006,8793.501242348344,6,4,1,0.0,0.0,1.0,1.0,1.0,1.0,0.0,4.0,FAMILY
61108.08030030959,30554.040150154797,2,4,0,0.0,1.0,1.0,1.0,0.0,0.0,0.0,3.0,ADVENTURE
24791.84258104643,12395.921290523214,2,4,1,0.0,0.0,1.0,1.0,1.0,1.0,0.0,4.0,CULTURAL
44145.488022375,11036.37200559375,4,5,1,1.0,0.0,0.0,0.0,0.0,1.0,1.0,3.0,NIGHTLIFE
15337.450825215774,15337.450825215774,1,4,0,0.0,0.0,1.0,1.0,0.0,1.0,0.0,3.0,BUDGET
122869.38917424009,61434.694587120044,2,6,2,0.0,0.0,1.0,1.0,0.0,1.0,1.0,4.0,LUXURY
63771.01037735446,15942.752594338615,4,6,2,0.0,0.0,1.0,1.0,1.0,1.0,0.0,4.0,FAMILY
44674.44116040608,11168.61029010152,4,4,1,0.0,0.0,1.0,1.0,1.0,1.0,0.0,4.0,FAMILY
41874.38563900505,13958.128546335016,3,3,1,1.0,0.0,0.0,1.0,0.0,0.0,1.0,3.0,NIGHTLIFE
8904.308724229548,4452.154362114774,2,2,0,0.0,0.0,1.0,1.0,1.0,0.0,0.0,3.0,BUDGET
68637.56347590896,34318.78173795448,2,5,0,0.0,1.0,1.0,1.0,0.0,0.0,0.0,3.0,ADVENTURE
95602.19310009989,31867.397700033296,3,4,2,0.0,0.0,1.0,1.0,0.0,1.0,1.0,4.0,LUXURY
57748.063712808835,14437.015928202209,4,5,1,1.0,0.0,0.0,1.0,0.0,0.0,1.0,3.0,NIGHTLIFE
57397.97444868465,11479.594889736929,5,4,2,0.0,0.0,1.0,1.0,1.0,1.0,0.0,4.0,FAMILY
15271.519697372136,7635.759848686068,2,4,0,0.0,0.0,1.0,1.0,0.0,1.0,0.0,3.0,BUDGET
49432.639931492355,12358.159982873089,4,5,1,0.0,0.0,1.0,1.0,1.0,1.0,0.0,4.0,FAMILY
38532.665027626805,12844.221675875602,3,6,1,0.0,0.0,1.0,1.0,1.0,1.0,0.0,4.0,CULTURAL
63685.58132861498,31842.79066430749,2,6,1,0.0,1.0,1.0,1.0,0.0,0.0,0.0,3.0,ADVENTURE
18419.613284427043,9209.806642213522,2,2,0,0.0,0.0,1.0,1.0,1.0,0.0,0.0,3.0,BUDGET
36443.49337367226,7288.698674734452,5,4,1,0.0,0.0,1.0,1.0,1.0,1.0,0.0,4.0,FAMILY
12999.668692861751,12999.668692861751,1,4,0,0.0,0.0,1.0,1.0,1.0,0.0,0.0,3.0,BUDGET
77136.58870675629,15427.317741351257,5,5,1,0.0,0.0,1.0,1.0,1.0,1.0,0.0,4.0,FAMILY
16822.53421774444,16822.53421774444,1,5,1,0.0,0.0,1.0,1.0,1.0,1.0,0.0,4.0,CULTURAL
240203.1447096305,240203.1447096305,1,3,2,0.0,0.0,1.0,1.0,0.0,1.0,1.0,4.0,LUXURY
15297.054194502623,7648.527097251312,2,3,0,0.0,0.0,1.0,1.0,1.0,0.0,0.0,3.0,BUDGET
63519.27291772061,10586.545486286768,6,6,1,0.0,0.0,1.0,1.0,1.0,1.0,0.0,4.0,FAMILY
72096.67833959043,24032.22611319681,3,7,1,0.0,0.0,1.0,1.0,1.0,1.0,0.0,4.0,FAMILY
17213.354017314065,8606.677008657032,2,2,0,0.0,0.0,1.0,1.0,0.0,1.0,0.0,3.0,BUDGET
39589.12277959303,13196.374259864344,3,5,1,0.0,0.0,1.0,1.0,1.0,1.0,0.0,4.0,FAMILY
38911.14471339363,12970.38157113121,3,6,1,0.0,0.0,1.0,1.0,1.0,1.0,0.0,4.0,CULTURAL
53885.5795877514,17961.859862583802,3,4,1,1.0,0.0,0.0,0.0,0.0,1.0,1.0,3.0,NIGHTLIFE
197592.4194028971,65864.1398009657,3,5,2,0.0,0.0,1.0,1.0,0.0,1.0,1.0,4.0,LUXURY
14382.289756258087,14382.289756258087,1,4,0,0.0,0.0,1.0,1.0,1.0,0.0,0.0,3.0,BUDGET
55634.42555082543,13908.606387706357,4,6,1,0.0,0.0,1.0,1.0,1.0,1.0,0.0,4.0,FAMILY
21744.18831425388,10872.09415712694,2,5,0,0.0,0.0,1.0,1.0,1.0,1.0,0.0,4.0,CULTURAL
117454.24676573448,39151.41558857816,3,4,2,0.0,0.0,1.0,1.0,0.0,1.0,1.0,4.0,LUXURY
46664.019161864766,11666.004790466191,4,4,2,1.0,0.0,0.0,0.0,0.0,1.0,1.0,3.0,NIGHTLIFE
49771.229969632324,24885.614984816162,2,5,1,0.0,1.0,1.0,1.0,0.0,0.0,0.0,3.0,ADVENTURE
228582.32412248166,114291.16206124083,2,7,2,0.0,0.0,1.0,1.0,0.0,1.0,1.0,4.0,LUXURY
14662.409739193548,7331.204869596774,2,2,0,0.0,0.0,1.0,1.0,0.0,1.0,0.0,3.0,BUDGET
41165.89948348048,13721.966494493494,3,3,0,0.0,0.0,1.0,1.0,1.0,1.0,0.0,4.0,CULTURAL
54164.72655403555,13541.181638508888,4,4,1,0.0,1.0,1.0,1.0,0.0,0.0,0.0,3.0,ADVENTURE
45048.178347340814,15016.059449113605,3,7,1,0.0,0.0,1.0,1.0,1.0,1.0,0.0,4.0,FAMILY
44235.99376750101,14745.33125583367,3,7,1,0.0,1.0,1.0,1.0,0.0,0.0,0.0,3.0,ADVENTURE
57411.8839418131,19137.294647271036,3,5,1,1.0,0.0,0.0,0.0,0.0,1.0,1.0,3.0,NIGHTLIFE
26935.706028961187,13467.853014480594,2,3,0,0.0,0.0,1.0,1.0,1.0,1.0,0.0,4.0,CULTURAL
9681.008182838288,9681.008182838288,1,3,0,0.0,0.0,1.0,1.0,0.0,1.0,0.0,3.0,BUDGET
15440.873071142163,7720.436535571082,2,3,0,0.0,0.0,1.0,1.0,1.0,0.0,0.0,3.0,BUDGET
16042.667641141776,16042.667641141776,1,3,1,0.0,0.0,1.0,1.0,1.0,1.0,0.0,4.0,CULTURAL
42963.19967250971,21481.599836254856,2,4,1,0.0,0.0,1.0,1.0,1.0,1.0,0.0,4.0,CULTURAL
162256.23720693294,81128.11860346647,2,3,2,0.0,0.0,1.0,1.0,0.0,1.0,1.0,4.0,LUXURY
36947.33833430825,18473.669167154127,2,6,1,0.0,1.0,1.0,1.0,0.0,0.0,0.0,3.0,ADVENTURE
26969.73606581518,6742.434016453795,4,3,1,1.0,0.0,0.0,0.0,0.0,1.0,1.0,3.0,NIGHTLIFE
34170.71059364187,11390.236864547289,3,3,2,1.0,0.0,0.0,0.0,0.0,1.0,1.0,3.0,NIGHTLIFE
45978.17160074006,22989.08580037003,2,7,1,0.0,1.0,1.0,1.0,0.0,0.0,0.0,3.0,ADVENTURE
43650.76306305878,14550.254354352926,3,5,0,0.0,0.0,1.0,1.0,1.0,1.0,0.0,4.0,CULTURAL
57399.777273550615,28699.888636775308,2,3,2,1.0,0.0,0.0,1.0,0.0,0.0,1.0,3.0,NIGHTLIFE
46193.21135956301,15397.737119854335,3,4,1,0.0,1.0,1.0,1.0,0.0,0.0,0.0,3.0,ADVENTURE
64659.697041134044,12931.939408226808,5,5,1,0.0,0.0,1.0,1.0,1.0,1.0,0.0,4.0,FAMILY
49558.48830401899,9911.697660803798,5,7,1,0.0,0.0,1.0,1.0,1.0,1.0,0.0,4.0,FAMILY
10050.65104868079,10050.65104868079,1,3,0,0.0,0.0,1.0,1.0,1.0,0.0,0.0,3.0,BUDGET
172733.35788412206,86366.67894206103,2,3,2,0.0,0.0,1.0,1.0,0.0,1.0,1.0,4.0,LUXURY
54432.15952023329,10886.431904046658,5,6,1,0.0,0.0,1.0,1.0,1.0,1.0,0.0,4.0,FAMILY
30859.950167274714,15429.975083637357,2,3,1,1.0,0.0,0.0,0.0,0.0,1.0,1.0,3.0,NIGHTLIFE
40743.44728813845,10185.861822034612,4,4,0,0.0,1.0,1.0,1.0,0.0,0.0,0.0,3.0,ADVENTURE
16363.537548397058,8181.768774198529,2,4,0,0.0,0.0,1.0,1.0,0.0,1.0,0.0,3.0,BUDGET
33674.40517437528,33674.40517437528,1,5,1,0.0,0.0,1.0,1.0,1.0,1.0,0.0,4.0,CULTURAL
121505.08528617423,60752.542643087116,2,4,2,0.0,0.0,1.0,1.0,0.0,1.0,1.0,4.0,LUXURY
23913.231806148666,11956.615903074333,2,6,0,0.0,0.0,1.0,1.0,1.0,1.0,0.0,4.0,CULTURAL
63774.91981145954,15943.729952864885,4,5,0,0.0,1.0,1.0,1.0,0.0,0.0,0.0,3.0,ADVENTURE
71973.04547503835,23991.015158346116,3,6,1,0.0,0.0,1.0,1.0,1.0,1.0,0.0,4.0,FAMILY
52932.37719282872,17644.125730942906,3,4,1,1.0,0.0,0.0,1.0,0.0,0.0,1.0,3.0,NIGHTLIFE
46321.67882516465,15440.559608388217,3,4,2,0.0,0.0,1.0,1.0,1.0,1.0,0.0,4.0,FAMILY
21174.416864976018,7058.138954992006,3,5,0,0.0,0.0,1.0,1.0,1.0,1.0,0.0,4.0,CULTURAL
62062.28893591853,31031.144467959264,2,4,0,0.0,1.0,1.0,1.0,0.0,0.0,0.0,3.0,ADVENTURE
23342.17350042759,11671.086750213795,2,4,1,1.0,0.0,0.0,1.0,0.0,0.0,1.0,3.0,NIGHTLIFE
112632.42462927337,112632.42462927337,1,3,2,0.0,0.0,1.0,1.0,0.0,1.0,1.0,4.0,LUXURY
32097.561171581812,8024.390292895453,4,5,1,0.0,0.0,1.0,1.0,1.0,1.0,0.0,4.0,FAMILY
27425.86819604972,13712.93409802486,2,4,1,1.0,0.0,0.0,0.0,0.0,1.0,1.0,3.0,NIGHTLIFE
42434.978534504706,14144.992844834902,3,3,2,1.0,0.0,0.0,1.0,0.0,0.0,1.0,3.0,NIGHTLIFE
37112.270694623316,9278.067673655829,4,4,1,0.0,1.0,1.0,1.0,0.0,0.0,0.0,3.0,ADVENTURE
51087.902476038646,25543.951238019323,2,5,0,0.0,1.0,1.0,1.0,0.0,0.0,0.0,3.0,ADVENTURE
137456.86357987215,137456.86357987215,1,7,2,0.0,0.0,1.0,1.0,0.0,1.0,1.0,4.0,LUXURY
58037.143780101935,14509.285945025484,4,4,2,1.0,0.0,0.0,0.0,0.0,1.0,1.0,3.0,NIGHTLIFE
129587.88662266963,129587.88662266963,1,4,2,0.0,0.0,1.0,1.0,0.0,1.0,1.0,4.0,LUXURY
9199.818645942361,4599.909322971181,2,2,0,0.0,0.0,1.0,1.0,1.0,0.0,0.0,3.0,BUDGET
15443.714616241576,7721.857308120788,2,4,0,0.0,0.0,1.0,1.0,1.0,0.0,0.0,3.0,BUDGET
33241.08037197381,11080.36012399127,3,4,1,0.0,0.0,1.0,1.0,1.0,1.0,0.0,4.0,CULTURAL
30893.696736670692,7723.424184167673,4,6,1,0.0,0.0,1.0,1.0,1.0,1.0,0.0,4.0,FAMILY
39094.045174827486,39094.045174827486,1,6,0,0.0,0.0,1.0,1.0,1.0,1.0,0.0,4.0,CULTURAL
34138.4296218713,8534.607405467825,4,4,1,1.0,0.0,0.0,1.0,0.0,0.0,1.0,3.0,NIGHTLIFE
32183.082885368058,5363.847147561343,6,5,1,0.0,0.0,1.0,1.0,1.0,1.0,0.0,4.0,FAMILY
69430.12713607957,17357.53178401989,4,8,1,0.0,1.0,1.0,1.0,0.0,0.0,0.0,3.0,ADVENTURE
31877.88306180643,15938.941530903216,2,4,0,0.0,0.0,1.0,1.0,1.0,1.0,0.0,4.0,CULTURAL
20092.701916192556,5023.175479048139,4,3,2,1.0,0.0,0.0,0.0,0.0,1.0,1.0,3.0,NIGHTLIFE
45665.27635309418,15221.758784364727,3,5,2,1.0,0.0,0.0,0.0,0.0,1.0,1.0,3.0,NIGHTLIFE
38403.48097142625,38403.48097142625,1,5,0,0.0,0.0,1.0,1.0,1.0,1.0,0.0,4.0,CULTURAL
37183.83774304259,18591.918871521295,2,5,2,1.0,0.0,0.0,1.0,0.0,0.0,1.0,3.0,NIGHTLIFE
49128.050939768844,49128.050939768844,1,5,1,0.0,0.0,1.0,1.0,1.0,1.0,0.0,4.0,CULTURAL
23746.066225081504,23746.066225081504,1,6,1,0.0,0.0,1.0,1.0,1.0,1.0,0.0,4.0,CULTURAL
34427.77921116207,11475.92640372069,3,4,2,0.0,0.0,1.0,1.0,1.0,1.0,0.0,4.0,FAMILY
12376.36699348767,6188.183496743835,2,2,0,0.0,0.0,1.0,1.0,0.0,1.0,0.0,3.0,BUDGET
45565.38495780018,7594.2308263000305,6,5,1,0.0,0.0,1.0,1.0,1.0,1.0,0.0,4.0,FAMILY
10477.055261127238,5238.527630563619,2,3,0,0.0,0.0,1.0,1.0,1.0,0.0,0.0,3.0,BUDGET
30380.28989884254,15190.14494942127,2,7,0,0.0,1.0,1.0,1.0,0.0,0.0,0.0,3.0,ADVENTURE
49418.55271612004,16472.850905373347,3,3,1,0.0,0.0,1.0,1.0,1.0,1.0,0.0,4.0,CULTURAL
68434.43373455809,22811.477911519363,3,7,1,0.0,1.0,1.0,1.0,0.0,0.0,0.0,3.0,ADVENTURE
27781.38073101502,13890.69036550751,2,7,0,0.0,1.0,1.0,1.0,0.0,0.0,0.0,3.0,ADVENTURE
18986.16412750297,18986.16412750297,1,4,0,0.0,0.0,1.0,1.0,0.0,1.0,0.0,3.0,BUDGET
36075.0688150459,6012.511469174317,6,6,1,0.0,0.0,1.0,1.0,1.0,1.0,0.0,4.0,FAMILY
14128.967630930789,14128.967630930789,1,3,0,0.0,0.0,1.0,1.0,1.0,0.0,0.0,3.0,BUDGET
10508.859448852565,10508.859448852565,1,3,0,0.0,0.0,1.0,1.0,0.0,1.0,0.0,3.0,BUDGET
61824.5325524577,12364.906510491539,5,5,1,0.0,0.0,1.0,1.0,1.0,1.0,0.0,4.0,FAMILY
12230.826276010028,12230.826276010028,1,4,0,0.0,0.0,1.0,1.0,0.0,1.0,0.0,3.0,BUDGET
40516.88659099063,13505.628863663544,3,5,1,1.0,0.0,0.0,1.0,0.0,0.0,1.0,3.0,NIGHTLIFE
23955.538928427446,11977.769464213723,2,6,1,0.0,0.0,1.0,1.0,1.0,1.0,0.0,4.0,CULTURAL
34596.16861460249,34596.16861460249,1,4,1,0.0,0.0,1.0,1.0,1.0,1.0,0.0,4.0,CULTURAL
36051.25002425965,6008.541670709942,6,7,1,0.0,0.0,1.0,1.0,1.0,1.0,0.0,4.0,FAMILY
8205.933221981002,4102.966610990501,2,2,0,0.0,0.0,1.0,1.0,1.0,0.0,0.0,3.0,BUDGET
60787.10109711214,12157.420219422429,5,6,1,0.0,0.0,1.0,1.0,1.0,1.0,0.0,4.0,FAMILY
57483.64113835179,28741.820569175896,2,5,1,1.0,0.0,0.0,1.0,0.0,0.0,1.0,3.0,NIGHTLIFE
11164.205631615398,11164.205631615398,1,3,0,0.0,0.0,1.0,1.0,1.0,0.0,0.0,3.0,BUDGET
23862.040717949185,11931.020358974592,2,4,1,0.0,0.0,1.0,1.0,1.0,1.0,0.0,4.0,CULTURAL
36625.687467436226,12208.562489145408,3,5,2,1.0,0.0,0.0,0.0,0.0,1.0,1.0,3.0,NIGHTLIFE
226818.97891091654,113409.48945545827,2,6,2,0.0,0.0,1.0,1.0,0.0,1.0,1.0,4.0,LUXURY
34919.782485669864,8729.945621417466,4,5,1,0.0,0.0,1.0,1.0,1.0,1.0,0.0,4.0,FAMILY
23151.564352731857,23151.564352731857,1,5,1,0.0,0.0,1.0,1.0,1.0,1.0,0.0,4.0,CULTURAL
38199.97404947486,9549.993512368716,4,6,1,0.0,0.0,1.0,1.0,1.0,1.0,0.0,4.0,FAMILY
33614.829852230505,16807.414926115252,2,3,2,1.0,0.0,0.0,0.0,0.0,1.0,1.0,3.0,NIGHTLIFE
96245.04767291699,32081.682557638997,3,5,2,0.0,0.0,1.0,1.0,0.0,1.0,1.0,4.0,LUXURY
27105.363023729584,13552.681511864792,2,8,0,0.0,1.0,1.0,1.0,0.0,0.0,0.0,3.0,ADVENTURE
35349.03194134792,8837.25798533698,4,6,1,0.0,0.0,1.0,1.0,1.0,1.0,0.0,4.0,FAMILY
48629.02959780659,24314.514798903296,2,5,1,0.0,0.0,1.0,1.0,1.0,1.0,0.0,4.0,CULTURAL
24388.762562280877,8129.587520760292,3,5,1,0.0,0.0,1.0,1.0,1.0,1.0,0.0,4.0,CULTURAL
15123.109442648583,7561.554721324292,2,3,0,0.0,0.0,1.0,1.0,1.0,0.0,0.0,3.0,BUDGET
19955.04439709509,9977.522198547545,2,2,0,0.0,0.0,1.0,1.0,1.0,0.0,0.0,3.0,BUDGET
15479.990610859888,7739.995305429944,2,2,0,0.0,0.0,1.0,1.0,1.0,0.0,0.0,3.0,BUDGET
55373.38668804181,11074.677337608362,5,5,1,0.0,0.0,1.0,1.0,1.0,1.0,0.0,4.0,FAMILY
18645.037091181406,9322.518545590703,2,2,0,0.0,0.0,1.0,1.0,0.0,1.0,0.0,3.0,BUDGET
36474.58961669984,12158.196538899947,3,3,1,1.0,0.0,0.0,1.0,0.0,0.0,1.0,3.0,NIGHTLIFE
40529.54070542892,40529.54070542892,1,4,1,0.0,0.0,1.0,1.0,1.0,1.0,0.0,4.0,CULTURAL
41363.481363157574,10340.870340789394,4,6,2,0.0,0.0,1.0,1.0,1.0,1.0,0.0,4.0,FAMILY
42782.249890463616,7130.374981743936,6,5,2,0.0,0.0,1.0,1.0,1.0,1.0,0.0,4.0,FAMILY
138983.0215641896,138983.0215641896,1,6,2,0.0,0.0,1.0,1.0,0.0,1.0,1.0,4.0,LUXURY
60491.59027493473,12098.318054986947,5,4,2,0.0,0.0,1.0,1.0,1.0,1.0,0.0,4.0,FAMILY
51725.714959869576,12931.428739967394,4,5,2,1.0,0.0,0.0,1.0,0.0,0.0,1.0,3.0,NIGHTLIFE
18652.450193099598,18652.450193099598,1,4,0,0.0,0.0,1.0,1.0,0.0,1.0,0.0,3.0,BUDGET
48387.96754386448,8064.661257310746,6,5,1,0.0,0.0,1.0,1.0,1.0,1.0,0.0,4.0,FAMILY
101438.72408536625,50719.362042683126,2,4,2,0.0,0.0,1.0,1.0,0.0,1.0,1.0,4.0,LUXURY
147653.2588847287,147653.2588847287,1,3,2,0.0,0.0,1.0,1.0,0.0,1.0,1.0,4.0,LUXURY
11533.589114503013,5766.794557251506,2,3,0,0.0,0.0,1.0,1.0,0.0,1.0,0.0,3.0,BUDGET
21693.691150895353,7231.230383631784,3,5,1,1.0,0.0,0.0,0.0,0.0,1.0,1.0,3.0,NIGHTLIFE
45417.7458263809,22708.87291319045,2,4,1,1.0,0.0,0.0,0.0,0.0,1.0,1.0,3.0,NIGHTLIFE
143409.97204636672,47803.324015455575,3,6,2,0.0,0.0,1.0,1.0,0.0,1.0,1.0,4.0,LUXURY
50116.356234327795,10023.271246865559,5,7,1,0.0,0.0,1.0,1.0,1.0,1.0,0.0,4.0,FAMILY
11878.435184249063,5939.217592124532,2,2,0,0.0,0.0,1.0,1.0,0.0,1.0,0.0,3.0,BUDGET
16829.76861440659,8414.884307203294,2,3,1,0.0,0.0,1.0,1.0,1.0,1.0,0.0,4.0,CULTURAL
169325.67148157052,84662.83574078526,2,7,2,0.0,0.0,1.0,1.0,0.0,1.0,1.0,4.0,LUXURY
41563.78210944035,10390.945527360087,4,3,1,1.0,0.0,0.0,0.0,0.0,1.0,1.0,3.0,NIGHTLIFE
93366.54086825886,46683.27043412943,2,7,2,0.0,0.0,1.0,1.0,0.0,1.0,1.0,4.0,LUXURY
16568.71039747794,8284.35519873897,2,3,0,0.0,0.0,1.0,1.0,0.0,1.0,0.0,3.0,BUDGET
19587.79515966461,6529.265053221537,3,5,1,0.0,0.0,1.0,1.0,1.0,1.0,0.0,4.0,CULTURAL
173041.80649949634,173041.80649949634,1,6,2,0.0,0.0,1.0,1.0,0.0,1.0,1.0,4.0,LUXURY
15181.312414462724,7590.656207231362,2,3,0,0.0,0.0,1.0,1.0,1.0,0.0,0.0,3.0,BUDGET
30361.330239822168,15180.665119911084,2,5,0,0.0,1.0,1.0,1.0,0.0,0.0,0.0,3.0,ADVENTURE
29200.00484633317,14600.002423166585,2,6,1,0.0,0.0,1.0,1.0,1.0,1.0,0.0,4.0,CULTURAL
50651.55873238485,12662.889683096213,4,4,1,0.0,0.0,1.0,1.0,1.0,1.0,0.0,4.0,FAMILY
184841.1602999519,61613.72009998397,3,4,2,0.0,0.0,1.0,1.0,0.0,1.0,1.0,4.0,LUXURY
59663.932415508934,9943.988735918156,6,4,1,0.0,0.0,1.0,1.0,1.0,1.0,0.0,4.0,FAMILY
60366.637429401104,20122.212476467033,3,6,0,0.0,1.0,1.0,1.0,0.0,0.0,0.0,3.0,ADVENTURE
43998.65052463051,21999.325262315255,2,6,0,0.0,1.0,1.0,1.0,0.0,0.0,0.0,3.0,ADVENTURE
43269.58291654199,43269.58291654199,1,5,1,0.0,0.0,1.0,1.0,1.0,1.0,0.0,4.0,CULTURAL
23815.971092528423,11907.985546264212,2,5,1,1.0,0.0,0.0,0.0,0.0,1.0,1.0,3.0,NIGHTLIFE
62231.04496717655,20743.68165572552,3,8,0,0.0,1.0,1.0,1.0,0.0,0.0,0.0,3.0,ADVENTURE
14915.460322001758,7457.730161000879,2,2,0,0.0,0.0,1.0,1.0,0.0,1.0,0.0,3.0,BUDGET
49672.49580102626,24836.24790051313,2,4,0,0.0,0.0,1.0,1.0,1.0,1.0,0.0,4.0,CULTURAL
9193.296713112142,4596.648356556071,2,3,0,0.0,0.0,1.0,1.0,0.0,1.0,0.0,3.0,BUDGET
64295.563552493186,12859.112710498637,5,5,2,0.0,0.0,1.0,1.0,1.0,1.0,0.0,4.0,FAMILY
68992.54944466749,11498.758240777914,6,6,1,0.0,0.0,1.0,1.0,1.0,1.0,0.0,4.0,FAMILY
127114.53981847117,63557.26990923558,2,4,2,0.0,0.0,1.0,1.0,0.0,1.0,1.0,4.0,LUXURY
118671.8726279018,118671.8726279018,1,6,2,0.0,0.0,1.0,1.0,0.0,1.0,1.0,4.0,LUXURY
18491.811258253005,18491.811258253005,1,2,0,0.0,0.0,1.0,1.0,0.0,1.0,0.0,3.0,BUDGET
227789.89116869905,75929.96372289969,3,4,2,0.0,0.0,1.0,1.0,0.0,1.0,1.0,4.0,LUXURY
47142.452022208025,23571.226011104012,2,6,0,0.0,1.0,1.0,1.0,0.0,0.0,0.0,3.0,ADVENTURE
19426.24858912499,9713.124294562494,2,4,0,0.0,0.0,1.0,1.0,1.0,1.0,0.0,4.0,CULTURAL
34960.93777392764,17480.46888696382,2,3,0,0.0,0.0,1.0,1.0,1.0,1.0,0.0,4.0,CULTURAL
14031.645117262306,7015.822558631153,2,4,0,0.0,0.0,1.0,1.0,0.0,1.0,0.0,3.0,BUDGET
117111.52900795708,39037.17633598569,3,7,2,0.0,0.0,1.0,1.0,0.0,1.0,1.0,4.0,LUXURY
115991.44326515505,38663.81442171835,3,4,2,0.0,0.0,1.0,1.0,0.0,1.0,1.0,4.0,LUXURY
223511.60229009387,74503.86743003129,3,6,2,0.0,0.0,1.0,1.0,0.0,1.0,1.0,4.0,LUXURY
17239.92263718333,8619.961318591664,2,2,0,0.0,0.0,1.0,1.0,1.0,0.0,0.0,3.0,BUDGET
59912.83422727913,19970.944742426374,3,3,2,1.0,0.0,0.0,0.0,0.0,1.0,1.0,3.0,NIGHTLIFE
46567.350355152535,15522.450118384178,3,6,1,0.0,0.0,1.0,1.0,1.0,1.0,0.0,4.0,FAMILY
16667.030820716795,8333.515410358397,2,4,0,0.0,0.0,1.0,1.0,1.0,0.0,0.0,3.0,BUDGET
19094.406623484014,19094.406623484014,1,5,0,0.0,0.0,1.0,1.0,1.0,1.0,0.0,4.0,CULTURAL
34661.314935851,17330.6574679255,2,6,1,0.0,1.0,1.0,1.0,0.0,0.0,0.0,3.0,ADVENTURE
83246.86389013339,27748.954630044464,3,5,2,0.0,0.0,1.0,1.0,0.0,1.0,1.0,4.0,LUXURY
53541.968596113125,13385.492149028281,4,4,2,1.0,0.0,0.0,1.0,0.0,0.0,1.0,3.0,NIGHTLIFE
47506.262958336505,15835.420986112169,3,5,2,0.0,0.0,1.0,1.0,1.0,1.0,0.0,4.0,FAMILY
35032.20063384345,11677.40021128115,3,4,2,1.0,0.0,0.0,0.0,0.0,1.0,1.0,3.0,NIGHTLIFE
176727.14303170086,176727.14303170086,1,4,2,0.0,0.0,1.0,1.0,0.0,1.0,1.0,4.0,LUXURY
42284.350407834165,14094.783469278054,3,6,1,0.0,0.0,1.0,1.0,1.0,1.0,0.0,4.0,CULTURAL
66680.7190280701,16670.179757017526,4,4,1,0.0,0.0,1.0,1.0,1.0,1.0,0.0,4.0,FAMILY
14569.355682789339,14569.355682789339,1,4,0,0.0,0.0,1.0,1.0,0.0,1.0,0.0,3.0,BUDGET
31555.779995867884,10518.59333195596,3,7,1,0.0,0.0,1.0,1.0,1.0,1.0,0.0,4.0,FAMILY
44868.85067379296,44868.85067379296,1,5,1,0.0,0.0,1.0,1.0,1.0,1.0,0.0,4.0,CULTURAL
35397.18573232322,11799.061910774406,3,6,2,0.0,0.0,1.0,1.0,1.0,1.0,0.0,4.0,FAMILY
30900.004447260748,5150.000741210125,6,7,1,0.0,0.0,1.0,1.0,1.0,1.0,0.0,4.0,FAMILY
31970.055890063628,10656.685296687876,3,4,0,0.0,0.0,1.0,1.0,1.0,1.0,0.0,4.0,CULTURAL
34737.95679666316,11579.318932221053,3,3,1,1.0,0.0,0.0,1.0,0.0,0.0,1.0,3.0,NIGHTLIFE
103900.62608947215,34633.54202982405,3,3,2,0.0,0.0,1.0,1.0,0.0,1.0,1.0,4.0,LUXURY
167826.6906152268,167826.6906152268,1,3,2,0.0,0.0,1.0,1.0,0.0,1.0,1.0,4.0,LUXURY
14560.523352119355,7280.2616760596775,2,2,0,0.0,0.0,1.0,1.0,1.0,0.0,0.0,3.0,BUDGET
34354.63833978857,11451.546113262857,3,4,1,0.0,0.0,1.0,1.0,1.0,1.0,0.0,4.0,FAMILY
25613.531075761966,6403.382768940492,4,4,1,0.0,1.0,1.0,1.0,0.0,0.0,0.0,3.0,ADVENTURE
38558.8971843585,19279.44859217925,2,3,1,0.0,0.0,1.0,1.0,1.0,1.0,0.0,4.0,CULTURAL
20486.27085909547,10243.135429547736,2,3,2,1.0,0.0,0.0,1.0,0.0,0.0,1.0,3.0,NIGHTLIFE
51775.27271990797,8629.21211998466,6,5,1,0.0,0.0,1.0,1.0,1.0,1.0,0.0,4.0,FAMILY
194381.38728647312,64793.79576215771,3,6,2,0.0,0.0,1.0,1.0,0.0,1.0,1.0,4.0,LUXURY
15962.02122929667,15962.02122929667,1,3,0,0.0,0.0,1.0,1.0,0.0,1.0,0.0,3.0,BUDGET
43710.7601174335,8742.1520234867,5,6,1,0.0,0.0,1.0,1.0,1.0,1.0,0.0,4.0,FAMILY
65986.1201936416,32993.0600968208,2,7,0,0.0,1.0,1.0,1.0,0.0,0.0,0.0,3.0,ADVENTURE
31171.376999384447,15585.688499692224,2,6,1,0.0,0.0,1.0,1.0,1.0,1.0,0.0,4.0,CULTURAL
34034.69386405054,11344.897954683513,3,6,1,0.0,1.0,1.0,1.0,0.0,0.0,0.0,3.0,ADVENTURE
23105.973386864203,7701.991128954734,3,5,2,1.0,0.0,0.0,0.0,0.0,1.0,1.0,3.0,NIGHTLIFE
13911.50125149031,13911.50125149031,1,3,0,0.0,0.0,1.0,1.0,0.0,1.0,0.0,3.0,BUDGET
168122.1287670045,168122.1287670045,1,4,2,0.0,0.0,1.0,1.0,0.0,1.0,1.0,4.0,LUXURY
69134.80203720747,17283.700509301867,4,6,2,0.0,0.0,1.0,1.0,1.0,1.0,0.0,4.0,FAMILY
38242.00314867015,9560.500787167537,4,5,0,0.0,1.0,1.0,1.0,0.0,0.0,0.0,3.0,ADVENTURE
39752.99149173981,13250.997163913271,3,4,0,0.0,0.0,1.0,1.0,1.0,1.0,0.0,4.0,CULTURAL
9822.832322147533,4911.4161610737665,2,2,0,0.0,0.0,1.0,1.0,1.0,0.0,0.0,3.0,BUDGET
42990.66043725171,10747.665109312928,4,6,1,0.0,0.0,1.0,1.0,1.0,1.0,0.0,4.0,FAMILY
54382.7346162029,27191.36730810145,2,6,1,0.0,1.0,1.0,1.0,0.0,0.0,0.0,3.0,ADVENTURE
62330.32220573724,15582.58055143431,4,6,1,0.0,1.0,1.0,1.0,0.0,0.0,0.0,3.0,ADVENTURE
19050.102591408468,19050.102591408468,1,3,0,0.0,0.0,1.0,1.0,1.0,0.0,0.0,3.0,BUDGET
35510.53124808749,8877.632812021873,4,6,1,0.0,1.0,1.0,1.0,0.0,0.0,0.0,3.0,ADVENTURE
45606.80474953126,22803.40237476563,2,4,0,0.0,1.0,1.0,1.0,0.0,0.0,0.0,3.0,ADVENTURE
39850.35011529446,9962.587528823615,4,4,1,1.0,0.0,0.0,1.0,0.0,0.0,1.0,3.0,NIGHTLIFE
41867.12159574989,20933.560797874947,2,7,1,0.0,1.0,1.0,1.0,0.0,0.0,0.0,3.0,ADVENTURE
46710.66748655271,23355.333743276355,2,3,0,0.0,0.0,1.0,1.0,1.0,1.0,0.0,4.0,CULTURAL
192507.8238576522,96253.9119288261,2,7,2,0.0,0.0,1.0,1.0,0.0,1.0,1.0,4.0,LUXURY
44245.86259733919,22122.931298669595,2,4,1,1.0,0.0,0.0,1.0,0.0,0.0,1.0,3.0,NIGHTLIFE
36507.013043335864,18253.506521667932,2,3,2,1.0,0.0,0.0,1.0,0.0,0.0,1.0,3.0,NIGHTLIFE
51071.619336289084,12767.904834072271,4,5,1,1.0,0.0,0.0,1.0,0.0,0.0,1.0,3.0,NIGHTLIFE
245934.6241139272,81978.20803797572,3,3,2,0.0,0.0,1.0,1.0,0.0,1.0,1.0,4.0,LUXURY
8901.653380829704,8901.653380829704,1,2,0,0.0,0.0,1.0,1.0,1.0,0.0,0.0,3.0,BUDGET
19088.5011092892,9544.2505546446,2,3,0,0.0,0.0,1.0,1.0,0.0,1.0,0.0,3.0,BUDGET
154652.2123368246,51550.737445608196,3,5,2,0.0,0.0,1.0,1.0,0.0,1.0,1.0,4.0,LUXURY
10575.06943650049,5287.534718250245,2,3,0,0.0,0.0,1.0,1.0,1.0,0.0,0.0,3.0,BUDGET
11555.282068448989,11555.282068448989,1,2,0,0.0,0.0,1.0,1.0,1.0,0.0,0.0,3.0,BUDGET
25054.259252580425,12527.129626290212,2,3,2,1.0,0.0,0.0,0.0,0.0,1.0,1.0,3.0,NIGHTLIFE
44408.57678534566,22204.28839267283,2,5,1,0.0,1.0,1.0,1.0,0.0,0.0,0.0,3.0,ADVENTURE
57759.29221452838,28879.64610726419,2,3,2,1.0,0.0,0.0,0.0,0.0,1.0,1.0,3.0,NIGHTLIFE
17685.318980960797,5895.106326986933,3,4,1,0.0,0.0,1.0,1.0,1.0,1.0,0.0,4.0,CULTURAL
52671.17866022544,17557.059553408482,3,3,2,1.0,0.0,0.0,1.0,0.0,0.0,1.0,3.0,NIGHTLIFE
19823.43260798605,19823.43260798605,1,2,0,0.0,0.0,1.0,1.0,0.0,1.0,0.0,3.0,BUDGET
14478.32764535404,14478.32764535404,1,4,0,0.0,0.0,1.0,1.0,0.0,1.0,0.0,3.0,BUDGET
53142.597750792534,17714.199250264177,3,4,1,0.0,0.0,1.0,1.0,1.0,1.0,0.0,4.0,FAMILY
27113.78459941629,9037.92819980543,3,8,0,0.0,1.0,1.0,1.0,0.0,0.0,0.0,3.0,ADVENTURE
69497.5989125124,17374.3997281281,4,4,1,0.0,1.0,1.0,1.0,0.0,0.0,0.0,3.0,ADVENTURE
127993.35181582243,42664.45060527414,3,4,2,0.0,0.0,1.0,1.0,0.0,1.0,1.0,4.0,LUXURY
20620.33322506369,6873.444408354563,3,4,2,1.0,0.0,0.0,1.0,0.0,0.0,1.0,3.0,NIGHTLIFE
35537.422265947906,5922.903710991318,6,7,1,0.0,0.0,1.0,1.0,1.0,1.0,0.0,4.0,FAMILY
42186.29392140383,14062.097973801276,3,4,2,1.0,0.0,0.0,1.0,0.0,0.0,1.0,3.0,NIGHTLIFE
15510.318988570836,7755.159494285418,2,2,0,0.0,0.0,1.0,1.0,0.0,1.0,0.0,3.0,BUDGET
16940.154612943184,8470.077306471592,2,3,0,0.0,0.0,1.0,1.0,1.0,1.0,0.0,4.0,CULTURAL
125259.35525479775,125259.35525479775,1,5,2,0.0,0.0,1.0,1.0,0.0,1.0,1.0,4.0,LUXURY
66680.79150211562,16670.197875528906,4,4,1,0.0,0.0,1.0,1.0,1.0,1.0,0.0,4.0,FAMILY
51053.994094936534,25526.997047468267,2,4,0,0.0,1.0,1.0,1.0,0.0,0.0,0.0,3.0,ADVENTURE
8748.096350134898,8748.096350134898,1,4,0,0.0,0.0,1.0,1.0,1.0,0.0,0.0,3.0,BUDGET
32252.539951128507,10750.846650376168,3,4,2,1.0,0.0,0.0,1.0,0.0,0.0,1.0,3.0,NIGHTLIFE
12778.02432309132,12778.02432309132,1,3,0,0.0,0.0,1.0,1.0,1.0,0.0,0.0,3.0,BUDGET
62000.148341845685,12400.029668369138,5,5,1,0.0,0.0,1.0,1.0,1.0,1.0,0.0,4.0,FAMILY
133072.62024368596,44357.54008122865,3,5,2,0.0,0.0,1.0,1.0,0.0,1.0,1.0,4.0,LUXURY
10311.188333427564,5155.594166713782,2,3,0,0.0,0.0,1.0,1.0,1.0,0.0,0.0,3.0,BUDGET
29033.96143409231,9677.987144697438,3,6,0,0.0,0.0,1.0,1.0,1.0,1.0,0.0,4.0,CULTURAL
34281.17375880049,11427.057919600164,3,5,1,1.0,0.0,0.0,0.0,0.0,1.0,1.0,3.0,NIGHTLIFE
46098.66509835697,23049.332549178485,2,6,0,0.0,0.0,1.0,1.0,1.0,1.0,0.0,4.0,CULTURAL
32854.34280446574,6570.868560893148,5,4,1,0.0,0.0,1.0,1.0,1.0,1.0,0.0,4.0,FAMILY
9994.585182911034,9994.585182911034,1,3,0,0.0,0.0,1.0,1.0,1.0,0.0,0.0,3.0,BUDGET
73364.71004799011,24454.903349330038,3,4,2,0.0,0.0,1.0,1.0,1.0,1.0,0.0,4.0,FAMILY
65924.32766586445,32962.16383293222,2,4,1,0.0,1.0,1.0,1.0,0.0,0.0,0.0,3.0,ADVENTURE
72239.47181430107,18059.867953575267,4,7,1,0.0,0.0,1.0,1.0,1.0,1.0,0.0,4.0,FAMILY
36625.33290442129,36625.33290442129,1,5,0,0.0,0.0,1.0,1.0,1.0,1.0,0.0,4.0,CULTURAL
11119.398354251152,11119.398354251152,1,3,0,0.0,0.0,1.0,1.0,1.0,0.0,0.0,3.0,BUDGET
146090.63018647148,73045.31509323574,2,5,2,0.0,0.0,1.0,1.0,0.0,1.0,1.0,4.0,LUXURY
20419.44881266092,10209.72440633046,2,6,0,0.0,0.0,1.0,1.0,1.0,1.0,0.0,4.0,CULTURAL
196829.8383883161,196829.8383883161,1,5,2,0.0,0.0,1.0,1.0,0.0,1.0,1.0,4.0,LUXURY
35965.38654747487,17982.693273737434,2,6,1,0.0,0.0,1.0,1.0,1.0,1.0,0.0,4.0,CULTURAL
8276.27125745165,8276.27125745165,1,3,0,0.0,0.0,1.0,1.0,1.0,0.0,0.0,3.0,BUDGET
53539.673353720995,17846.557784573666,3,5,1,1.0,0.0,0.0,1.0,0.0,0.0,1.0,3.0,NIGHTLIFE
35627.284439437564,17813.642219718782,2,5,2,1.0,0.0,0.0,0.0,0.0,1.0,1.0,3.0,NIGHTLIFE
35107.476482876904,5851.246080479484,6,4,1,0.0,0.0,1.0,1.0,1.0,1.0,0.0,4.0,FAMILY
17226.050273222907,8613.025136611453,2,6,1,0.0,0.0,1.0,1.0,1.0,1.0,0.0,4.0,CULTURAL
47646.99479671332,15882.33159890444,3,3,0,0.0,0.0,1.0,1.0,1.0,1.0,0.0,4.0,CULTURAL
55341.92159102413,9223.653598504023,6,5,1,0.0,0.0,1.0,1.0,1.0,1.0,0.0,4.0,FAMILY
149172.73333640673,49724.24444546891,3,6,2,0.0,0.0,1.0,1.0,0.0,1.0,1.0,4.0,LUXURY
13454.49277721328,13454.49277721328,1,3,0,0.0,0.0,1.0,1.0,0.0,1.0,0.0,3.0,BUDGET
26889.241646785547,26889.241646785547,1,3,0,0.0,0.0,1.0,1.0,1.0,1.0,0.0,4.0,CULTURAL
18341.427452162206,18341.427452162206,1,4,0,0.0,0.0,1.0,1.0,0.0,1.0,0.0,3.0,BUDGET
33970.96844944933,5661.828074908221,6,4,1,0.0,0.0,1.0,1.0,1.0,1.0,0.0,4.0,FAMILY
66919.97114392664,16729.99278598166,4,6,1,0.0,1.0,1.0,1.0,0.0,0.0,0.0,3.0,ADVENTURE
30893.818434737834,10297.939478245944,3,4,1,0.0,1.0,1.0,1.0,0.0,0.0,0.0,3.0,ADVENTURE
60160.97051066861,15040.242627667152,4,5,2,0.0,0.0,1.0,1.0,1.0,1.0,0.0,4.0,FAMILY
19215.367968076516,19215.367968076516,1,2,0,0.0,0.0,1.0,1.0,1.0,0.0,0.0,3.0,BUDGET
53131.147836965814,13282.786959241454,4,4,2,0.0,0.0,1.0,1.0,1.0,1.0,0.0,4.0,FAMILY
65408.40910815048,32704.20455407524,2,5,1,0.0,1.0,1.0,1.0,0.0,0.0,0.0,3.0,ADVENTURE
16766.589641711616,8383.294820855808,2,4,0,0.0,0.0,1.0,1.0,1.0,0.0,0.0,3.0,BUDGET
49743.888026397915,12435.972006599479,4,8,0,0.0,1.0,1.0,1.0,0.0,0.0,0.0,3.0,ADVENTURE
51779.16574064665,10355.83314812933,5,4,1,0.0,0.0,1.0,1.0,1.0,1.0,0.0,4.0,FAMILY
210856.9258857048,105428.4629428524,2,5,2,0.0,0.0,1.0,1.0,0.0,1.0,1.0,4.0,LUXURY
58858.639164377506,19619.546388125837,3,7,1,0.0,0.0,1.0,1.0,1.0,1.0,0.0,4.0,FAMILY
33891.0815612203,8472.770390305075,4,3,1,1.0,0.0,0.0,0.0,0.0,1.0,1.0,3.0,NIGHTLIFE
57802.264004732075,14450.566001183019,4,6,0,0.0,1.0,1.0,1.0,0.0,0.0,0.0,3.0,ADVENTURE
19130.21093167812,9565.10546583906,2,5,1,0.0,0.0,1.0,1.0,1.0,1.0,0.0,4.0,CULTURAL
186360.48520004703,62120.16173334901,3,7,2,0.0,0.0,1.0,1.0,0.0,1.0,1.0,4.0,LUXURY
42969.96610896502,10742.491527241255,4,6,0,0.0,1.0,1.0,1.0,0.0,0.0,0.0,3.0,ADVENTURE
35227.58724643463,8806.896811608658,4,5,2,1.0,0.0,0.0,1.0,0.0,0.0,1.0,3.0,NIGHTLIFE
54412.056851088906,9068.676141848151,6,5,1,0.0,0.0,1.0,1.0,1.0,1.0,0.0,4.0,FAMILY
142790.2021152035,71395.10105760174,2,3,2,0.0,0.0,1.0,1.0,0.0,1.0,1.0,4.0,LUXURY
13956.394966414837,13956.394966414837,1,4,0,0.0,0.0,1.0,1.0,0.0,1.0,0.0,3.0,BUDGET
31771.252195269884,10590.417398423295,3,8,0,0.0,1.0,1.0,1.0,0.0,0.0,0.0,3.0,ADVENTURE
46368.268720114655,23184.134360057327,2,6,1,0.0,0.0,1.0,1.0,1.0,1.0,0.0,4.0,CULTURAL
17697.444554773003,17697.444554773003,1,2,0,0.0,0.0,1.0,1.0,0.0,1.0,0.0,3.0,BUDGET
57987.78418191913,19329.261393973044,3,7,1,0.0,0.0,1.0,1.0,1.0,1.0,0.0,4.0,FAMILY
18137.828093248765,9068.914046624383,2,6,0,0.0,0.0,1.0,1.0,1.0,1.0,0.0,4.0,CULTURAL
101944.6531742185,101944.6531742185,1,5,2,0.0,0.0,1.0,1.0,0.0,1.0,1.0,4.0,LUXURY
8266.21690436362,4133.10845218181,2,3,0,0.0,0.0,1.0,1.0,0.0,1.0,0.0,3.0,BUDGET
14672.060463711015,14672.060463711015,1,2,0,0.0,0.0,1.0,1.0,0.0,1.0,0.0,3.0,BUDGET
64785.71464248751,10797.619107081251,6,5,1,0.0,0.0,1.0,1.0,1.0,1.0,0.0,4.0,FAMILY
24439.100983405922,8146.366994468641,3,5,2,1.0,0.0,0.0,0.0,0.0,1.0,1.0,3.0,NIGHTLIFE
13035.200749133479,6517.600374566739,2,3,0,0.0,0.0,1.0,1.0,0.0,1.0,0.0,3.0,BUDGET
14877.810191088663,14877.810191088663,1,3,0,0.0,0.0,1.0,1.0,1.0,0.0,0.0,3.0,BUDGET
242170.68612394194,80723.56204131398,3,4,2,0.0,0.0,1.0,1.0,0.0,1.0,1.0,4.0,LUXURY
199231.80525277506,66410.60175092502,3,5,2,0.0,0.0,1.0,1.0,0.0,1.0,1.0,4.0,LUXURY
67409.59529894988,16852.39882473747,4,6,2,0.0,0.0,1.0,1.0,1.0,1.0,0.0,4.0,FAMILY
52714.252226201184,17571.417408733727,3,5,1,1.0,0.0,0.0,0.0,0.0,1.0,1.0,3.0,NIGHTLIFE
49856.47620177554,16618.825400591846,3,5,0,0.0,1.0,1.0,1.0,0.0,0.0,0.0,3.0,ADVENTURE
32351.504127928907,8087.876031982227,4,5,1,0.0,1.0,1.0,1.0,0.0,0.0,0.0,3.0,ADVENTURE
181003.18655118372,181003.18655118372,1,6,2,0.0,0.0,1.0,1.0,0.0,1.0,1.0,4.0,LUXURY
55307.09314201221,13826.773285503052,4,4,2,0.0,0.0,1.0,1.0,1.0,1.0,0.0,4.0,FAMILY
16195.784761005589,8097.892380502794,2,4,0,0.0,0.0,1.0,1.0,0.0,1.0,0.0,3.0,BUDGET
171199.96650204045,57066.65550068015,3,3,2,0.0,0.0,1.0,1.0,0.0,1.0,1.0,4.0,LUXURY
37855.47561052779,9463.868902631948,4,4,2,1.0,0.0,0.0,1.0,0.0,0.0,1.0,3.0,NIGHTLIFE
8818.9964642491,8818.9964642491,1,4,0,0.0,0.0,1.0,1.0,0.0,1.0,0.0,3.0,BUDGET
160327.62527932948,53442.5417597765,3,6,2,0.0,0.0,1.0,1.0,0.0,1.0,1.0,4.0,LUXURY
48954.091024645124,24477.045512322562,2,3,1,0.0,0.0,1.0,1.0,1.0,1.0,0.0,4.0,CULTURAL
20026.135630451983,5006.533907612996,4,4,2,1.0,0.0,0.0,0.0,0.0,1.0,1.0,3.0,NIGHTLIFE
43266.90543470413,43266.90543470413,1,3,0,0.0,0.0,1.0,1.0,1.0,1.0,0.0,4.0,CULTURAL
39272.94373383272,7854.588746766543,5,4,1,0.0,0.0,1.0,1.0,1.0,1.0,0.0,4.0,FAMILY
177483.41031046238,88741.70515523119,2,4,2,0.0,0.0,1.0,1.0,0.0,1.0,1.0,4.0,LUXURY
66983.56503633819,16745.891259084547,4,5,2,0.0,0.0,1.0,1.0,1.0,1.0,0.0,4.0,FAMILY
62185.336492758404,20728.445497586134,3,7,0,0.0,1.0,1.0,1.0,0.0,0.0,0.0,3.0,ADVENTURE
247852.64029307402,247852.64029307402,1,3,2,0.0,0.0,1.0,1.0,0.0,1.0,1.0,4.0,LUXURY
55893.127436946364,27946.563718473182,2,5,0,0.0,1.0,1.0,1.0,0.0,0.0,0.0,3.0,ADVENTURE
210854.34111046963,210854.34111046963,1,3,2,0.0,0.0,1.0,1.0,0.0,1.0,1.0,4.0,LUXURY
17149.504228888287,17149.504228888287,1,3,0,0.0,0.0,1.0,1.0,1.0,0.0,0.0,3.0,BUDGET
29420.620863307973,9806.873621102657,3,3,0,0.0,0.0,1.0,1.0,1.0,1.0,0.0,4.0,CULTURAL
60670.569460535386,20223.523153511796,3,6,2,0.0,0.0,1.0,1.0,1.0,1.0,0.0,4.0,FAMILY
120936.64873243945,60468.32436621973,2,3,2,0.0,0.0,1.0,1.0,0.0,1.0,1.0,4.0,LUXURY
12491.249549073444,12491.249549073444,1,3,0,0.0,0.0,1.0,1.0,0.0,1.0,0.0,3.0,BUDGET
72654.48117018252,14530.896234036505,5,7,1,0.0,0.0,1.0,1.0,1.0,1.0,0.0,4.0,FAMILY
52484.68288082674,17494.89429360891,3,6,0,0.0,1.0,1.0,1.0,0.0,0.0,0.0,3.0,ADVENTURE
75325.685972229,15065.137194445799,5,7,1,0.0,0.0,1.0,1.0,1.0,1.0,0.0,4.0,FAMILY
243557.35770805468,243557.35770805468,1,7,2,0.0,0.0,1.0,1.0,0.0,1.0,1.0,4.0,LUXURY
67161.75386790125,33580.876933950625,2,4,1,0.0,1.0,1.0,1.0,0.0,0.0,0.0,3.0,ADVENTURE
35987.272392226885,8996.818098056721,4,7,0,0.0,1.0,1.0,1.0,0.0,0.0,0.0,3.0,ADVENTURE
31589.631547126726,15794.815773563363,2,5,0,0.0,1.0,1.0,1.0,0.0,0.0,0.0,3.0,ADVENTURE
19286.27917387525,9643.139586937625,2,4,0,0.0,0.0,1.0,1.0,0.0,1.0,0.0,3.0,BUDGET
21794.506965609027,21794.506965609027,1,6,0,0.0,0.0,1.0,1.0,1.0,1.0,0.0,4.0,CULTURAL
155696.58420999977,155696.58420999977,1,4,2,0.0,0.0,1.0,1.0,0.0,1.0,1.0,4.0,LUXURY
31754.56021992663,15877.280109963314,2,5,1,0.0,0.0,1.0,1.0,1.0,1.0,0.0,4.0,CULTURAL
51998.55362174797,12999.638405436992,4,5,0,0.0,1.0,1.0,1.0,0.0,0.0,0.0,3.0,ADVENTURE
10214.252232276527,10214.252232276527,1,4,0,0.0,0.0,1.0,1.0,1.0,0.0,0.0,3.0,BUDGET
86691.51956935402,86691.51956935402,1,3,2,0.0,0.0,1.0,1.0,0.0,1.0,1.0,4.0,LUXURY
35882.45142367793,7176.490284735586,5,5,1,0.0,0.0,1.0,1.0,1.0,1.0,0.0,4.0,FAMILY
67280.58650613246,22426.86216871082,3,4,1,0.0,1.0,1.0,1.0,0.0,0.0,0.0,3.0,ADVENTURE
61471.06977469597,15367.767443673993,4,4,0,0.0,1.0,1.0,1.0,0.0,0.0,0.0,3.0,ADVENTURE
63315.344291751986,15828.836072937997,4,7,1,0.0,0.0,1.0,1.0,1.0,1.0,0.0,4.0,FAMILY
55906.98690711827,27953.493453559135,2,3,2,1.0,0.0,0.0,0.0,0.0,1.0,1.0,3.0,NIGHTLIFE
19402.84824584963,19402.84824584963,1,2,0,0.0,0.0,1.0,1.0,1.0,0.0,0.0,3.0,BUDGET
49619.68607642373,12404.921519105932,4,4,1,0.0,0.0,1.0,1.0,1.0,1.0,0.0,4.0,FAMILY
46337.393332239386,11584.348333059846,4,6,1,0.0,1.0,1.0,1.0,0.0,0.0,0.0,3.0,ADVENTURE
22826.089191328487,22826.089191328487,1,4,1,0.0,0.0,1.0,1.0,1.0,1.0,0.0,4.0,CULTURAL
9226.551970702396,4613.275985351198,2,2,0,0.0,0.0,1.0,1.0,0.0,1.0,0.0,3.0,BUDGET
69061.8199795277,17265.454994881926,4,6,0,0.0,1.0,1.0,1.0,0.0,0.0,0.0,3.0,ADVENTURE
11558.121723773582,5779.060861886791,2,4,0,0.0,0.0,1.0,1.0,0.0,1.0,0.0,3.0,BUDGET
65147.17204893384,10857.86200815564,6,5,1,0.0,0.0,1.0,1.0,1.0,1.0,0.0,4.0,FAMILY
78741.7326390556,13123.622106509267,6,5,2,0.0,0.0,1.0,1.0,1.0,1.0,0.0,4.0,FAMILY
62453.73293971965,20817.91097990655,3,6,1,0.0,0.0,1.0,1.0,1.0,1.0,0.0,4.0,FAMILY
39410.106603301734,19705.053301650867,2,4,1,0.0,0.0,1.0,1.0,1.0,1.0,0.0,4.0,CULTURAL
20319.306386591794,10159.653193295897,2,4,0,0.0,0.0,1.0,1.0,1.0,1.0,0.0,4.0,CULTURAL
16879.39775097574,8439.69887548787,2,3,0,0.0,0.0,1.0,1.0,1.0,1.0,0.0,4.0,CULTURAL
14433.156396129445,14433.156396129445,1,2,0,0.0,0.0,1.0,1.0,0.0,1.0,0.0,3.0,BUDGET
46192.027909063334,23096.013954531667,2,3,0,0.0,0.0,1.0,1.0,1.0,1.0,0.0,4.0,CULTURAL
54661.91926996347,18220.63975665449,3,5,1,1.0,0.0,0.0,0.0,0.0,1.0,1.0,3.0,NIGHTLIFE
41269.36294393174,10317.340735982934,4,8,1,0.0,1.0,1.0,1.0,0.0,0.0,0.0,3.0,ADVENTURE
57538.2236222351,19179.407874078366,3,4,1,0.0,1.0,1.0,1.0,0.0,0.0,0.0,3.0,ADVENTURE
64298.38679914921,16074.596699787302,4,5,1,0.0,0.0,1.0,1.0,1.0,1.0,0.0,4.0,FAMILY
134524.70899296712,67262.35449648356,2,4,2,0.0,0.0,1.0,1.0,0.0,1.0,1.0,4.0,LUXURY
30348.465686217638,15174.232843108819,2,5,1,1.0,0.0,0.0,0.0,0.0,1.0,1.0,3.0,NIGHTLIFE
48053.51560991863,12013.378902479657,4,6,0,0.0,1.0,1.0,1.0,0.0,0.0,0.0,3.0,ADVENTURE
22263.426245868624,5565.856561467156,4,5,2,1.0,0.0,0.0,0.0,0.0,1.0,1.0,3.0,NIGHTLIFE
38334.661085491,9583.66527137275,4,6,0,0.0,1.0,1.0,1.0,0.0,0.0,0.0,3.0,ADVENTURE
56729.563467017484,14182.390866754371,4,4,1,1.0,0.0,0.0,0.0,0.0,1.0,1.0,3.0,NIGHTLIFE
47493.03931932771,23746.519659663856,2,3,0,0.0,0.0,1.0,1.0,1.0,1.0,0.0,4.0,CULTURAL
38196.755580303485,9549.188895075871,4,3,2,1.0,0.0,0.0,1.0,0.0,0.0,1.0,3.0,NIGHTLIFE
27994.482217688783,13997.241108844391,2,6,0,0.0,0.0,1.0,1.0,1.0,1.0,0.0,4.0,CULTURAL
16967.84132164857,16967.84132164857,1,2,0,0.0,0.0,1.0,1.0,0.0,1.0,0.0,3.0,BUDGET
45669.37589194233,15223.125297314109,3,5,1,1.0,0.0,0.0,0.0,0.0,1.0,1.0,3.0,NIGHTLIFE
239090.44267847989,79696.81422615996,3,5,2,0.0,0.0,1.0,1.0,0.0,1.0,1.0,4.0,LUXURY
52320.905196262116,13080.226299065529,4,5,1,1.0,0.0,0.0,0.0,0.0,1.0,1.0,3.0,NIGHTLIFE
48913.875172880485,16304.625057626828,3,4,0,0.0,0.0,1.0,1.0,1.0,1.0,0.0,4.0,CULTURAL
46541.718608448515,15513.906202816172,3,4,1,0.0,1.0,1.0,1.0,0.0,0.0,0.0,3.0,ADVENTURE
19609.83373222243,19609.83373222243,1,6,1,0.0,0.0,1.0,1.0,1.0,1.0,0.0,4.0,CULTURAL
172010.4964537511,172010.4964537511,1,5,2,0.0,0.0,1.0,1.0,0.0,1.0,1.0,4.0,LUXURY
39976.2578192215,39976.2578192215,1,4,1,0.0,0.0,1.0,1.0,1.0,1.0,0.0,4.0,CULTURAL
14931.583449098567,7465.791724549284,2,3,0,0.0,0.0,1.0,1.0,1.0,0.0,0.0,3.0,BUDGET
14918.197706171042,7459.098853085521,2,3,0,0.0,0.0,1.0,1.0,1.0,0.0,0.0,3.0,BUDGET
39261.422327370485,6543.570387895081,6,7,1,0.0,0.0,1.0,1.0,1.0,1.0,0.0,4.0,FAMILY
17453.478664573908,8726.739332286954,2,2,0,0.0,0.0,1.0,1.0,1.0,0.0,0.0,3.0,BUDGET
9234.99236892974,9234.99236892974,1,4,0,0.0,0.0,1.0,1.0,1.0,0.0,0.0,3.0,BUDGET
165330.7188724131,165330.7188724131,1,6,2,0.0,0.0,1.0,1.0,0.0,1.0,1.0,4.0,LUXURY
20632.52784931848,5158.13196232962,4,4,2,1.0,0.0,0.0,0.0,0.0,1.0,1.0,3.0,NIGHTLIFE
55563.96180405262,18521.32060135087,3,4,0,0.0,1.0,1.0,1.0,0.0,0.0,0.0,3.0,ADVENTURE
32798.46011207504,16399.23005603752,2,5,1,0.0,0.0,1.0,1.0,1.0,1.0,0.0,4.0,CULTURAL
69663.15790728871,34831.578953644355,2,5,1,0.0,1.0,1.0,1.0,0.0,0.0,0.0,3.0,ADVENTURE
49529.93217727643,49529.93217727643,1,3,1,0.0,0.0,1.0,1.0,1.0,1.0,0.0,4.0,CULTURAL
68731.6890318894,22910.5630106298,3,4,1,0.0,0.0,1.0,1.0,1.0,1.0,0.0,4.0,FAMILY
43472.31073272496,10868.07768318124,4,4,0,0.0,1.0,1.0,1.0,0.0,0.0,0.0,3.0,ADVENTURE
45816.70961973189,11454.177404932972,4,8,0,0.0,1.0,1.0,1.0,0.0,0.0,0.0,3.0,ADVENTURE
64180.98049558477,21393.660165194924,3,5,0,0.0,1.0,1.0,1.0,0.0,0.0,0.0,3.0,ADVENTURE
29935.3443497283,9978.4481165761,3,4,2,1.0,0.0,0.0,1.0,0.0,0.0,1.0,3.0,NIGHTLIFE
14759.458614146472,7379.729307073236,2,2,0,0.0,0.0,1.0,1.0,0.0,1.0,0.0,3.0,BUDGET
29307.80746349788,7326.95186587447,4,6,0,0.0,1.0,1.0,1.0,0.0,0.0,0.0,3.0,ADVENTURE
36635.73269096387,6105.955448493979,6,7,1,0.0,0.0,1.0,1.0,1.0,1.0,0.0,4.0,FAMILY
41024.31045350877,13674.77015116959,3,5,2,0.0,0.0,1.0,1.0,1.0,1.0,0.0,4.0,FAMILY
46286.23765043593,11571.559412608982,4,6,0,0.0,1.0,1.0,1.0,0.0,0.0,0.0,3.0,ADVENTURE
11331.046071553017,5665.523035776509,2,3,0,0.0,0.0,1.0,1.0,1.0,0.0,0.0,3.0,BUDGET
198136.12456285628,66045.37485428543,3,7,2,0.0,0.0,1.0,1.0,0.0,1.0,1.0,4.0,LUXURY
61877.66322351149,10312.943870585248,6,7,2,0.0,0.0,1.0,1.0,1.0,1.0,0.0,4.0,FAMILY
28691.06583451619,14345.532917258095,2,7,1,0.0,1.0,1.0,1.0,0.0,0.0,0.0,3.0,ADVENTURE
66928.31814924287,22309.439383080957,3,8,1,0.0,1.0,1.0,1.0,0.0,0.0,0.0,3.0,ADVENTURE
65571.23523791804,21857.078412639345,3,6,0,0.0,1.0,1.0,1.0,0.0,0.0,0.0,3.0,ADVENTURE
8407.351743029587,8407.351743029587,1,4,0,0.0,0.0,1.0,1.0,1.0,0.0,0.0,3.0,BUDGET
49383.11692485653,16461.038974952175,3,4,1,1.0,0.0,0.0,1.0,0.0,0.0,1.0,3.0,NIGHTLIFE
49686.47867746098,24843.23933873049,2,7,1,0.0,1.0,1.0,1.0,0.0,0.0,0.0,3.0,ADVENTURE
68836.18152358463,11472.696920597438,6,7,1,0.0,0.0,1.0,1.0,1.0,1.0,0.0,4.0,FAMILY
18852.581606337,6284.193868779,3,5,0,0.0,0.0,1.0,1.0,1.0,1.0,0.0,4.0,CULTURAL
161942.94776207852,53980.982587359504,3,5,2,0.0,0.0,1.0,1.0,0.0,1.0,1.0,4.0,LUXURY
10420.76554796283,5210.382773981415,2,3,0,0.0,0.0,1.0,1.0,0.0,1.0,0.0,3.0,BUDGET
31554.670779435342,15777.335389717671,2,5,0,0.0,0.0,1.0,1.0,1.0,1.0,0.0,4.0,CULTURAL
44826.77906438276,8965.355812876553,5,7,2,0.0,0.0,1.0,1.0,1.0,1.0,0.0,4.0,FAMILY
33287.64132462419,11095.880441541396,3,3,2,1.0,0.0,0.0,1.0,0.0,0.0,1.0,3.0,NIGHTLIFE
114694.90239647924,57347.45119823962,2,5,2,0.0,0.0,1.0,1.0,0.0,1.0,1.0,4.0,LUXURY
18963.092814069387,18963.092814069387,1,4,1,0.0,0.0,1.0,1.0,1.0,1.0,0.0,4.0,CULTURAL
56562.24785018605,14140.561962546513,4,4,1,0.0,1.0,1.0,1.0,0.0,0.0,0.0,3.0,ADVENTURE
9673.926327824502,4836.963163912251,2,4,0,0.0,0.0,1.0,1.0,0.0,1.0,0.0,3.0,BUDGET
10213.554457026274,10213.554457026274,1,2,0,0.0,0.0,1.0,1.0,0.0,1.0,0.0,3.0,BUDGET
10728.747450525352,10728.747450525352,1,2,0,0.0,0.0,1.0,1.0,1.0,0.0,0.0,3.0,BUDGET
64873.57308346418,16218.393270866045,4,7,2,0.0,0.0,1.0,1.0,1.0,1.0,0.0,4.0,FAMILY
13587.176217589522,13587.176217589522,1,3,0,0.0,0.0,1.0,1.0,1.0,0.0,0.0,3.0,BUDGET
199266.0951525002,199266.0951525002,1,7,2,0.0,0.0,1.0,1.0,0.0,1.0,1.0,4.0,LUXURY
9903.757371709893,4951.8786858549465,2,2,0,0.0,0.0,1.0,1.0,1.0,0.0,0.0,3.0,BUDGET
26713.883526969366,6678.470881742342,4,5,1,0.0,1.0,1.0,1.0,0.0,0.0,0.0,3.0,ADVENTURE
26791.514775058924,8930.50492501964,3,8,0,0.0,1.0,1.0,1.0,0.0,0.0,0.0,3.0,ADVENTURE
43597.91531207235,21798.957656036175,2,3,2,1.0,0.0,0.0,0.0,0.0,1.0,1.0,3.0,NIGHTLIFE
230226.27450695826,76742.09150231942,3,3,2,0.0,0.0,1.0,1.0,0.0,1.0,1.0,4.0,LUXURY
18031.76144614647,18031.76144614647,1,2,0,0.0,0.0,1.0,1.0,1.0,0.0,0.0,3.0,BUDGET
38600.3807010571,9650.095175264276,4,3,2,1.0,0.0,0.0,1.0,0.0,0.0,1.0,3.0,NIGHTLIFE
41719.593009394346,20859.796504697173,2,4,0,0.0,1.0,1.0,1.0,0.0,0.0,0.0,3.0,ADVENTURE
18729.293652563952,18729.293652563952,1,6,0,0.0,0.0,1.0,1.0,1.0,1.0,0.0,4.0,CULTURAL
52176.56238709894,17392.187462366313,3,3,2,1.0,0.0,0.0,0.0,0.0,1.0,1.0,3.0,NIGHTLIFE
52668.928102341786,17556.309367447262,3,3,2,1.0,0.0,0.0,0.0,0.0,1.0,1.0,3.0,NIGHTLIFE
39357.02834495079,19678.514172475396,2,6,0,0.0,1.0,1.0,1.0,0.0,0.0,0.0,3.0,ADVENTURE
28202.00554950594,7050.501387376485,4,8,0,0.0,1.0,1.0,1.0,0.0,0.0,0.0,3.0,ADVENTURE
37689.55748340156,7537.911496680312,5,5,1,0.0,0.0,1.0,1.0,1.0,1.0,0.0,4.0,FAMILY
37648.94854621306,9412.237136553265,4,5,2,1.0,0.0,0.0,0.0,0.0,1.0,1.0,3.0,NIGHTLIFE
46638.357281646124,23319.178640823062,2,5,1,0.0,0.0,1.0,1.0,1.0,1.0,0.0,4.0,CULTURAL
30837.707932654615,7709.426983163654,4,3,2,1.0,0.0,0.0,0.0,0.0,1.0,1.0,3.0,NIGHTLIFE
38116.44024775509,12705.48008258503,3,5,1,0.0,0.0,1.0,1.0,1.0,1.0,0.0,4.0,CULTURAL
62330.29567114301,10388.382611857169,6,5,1,0.0,0.0,1.0,1.0,1.0,1.0,0.0,4.0,FAMILY
10125.328152884587,5062.664076442294,2,3,0,0.0,0.0,1.0,1.0,1.0,0.0,0.0,3.0,BUDGET
39372.68513865607,39372.68513865607,1,5,1,0.0,0.0,1.0,1.0,1.0,1.0,0.0,4.0,CULTURAL
40339.6207482492,40339.6207482492,1,5,0,0.0,0.0,1.0,1.0,1.0,1.0,0.0,4.0,CULTURAL
132065.5407907845,44021.8469302615,3,4,2,0.0,0.0,1.0,1.0,0.0,1.0,1.0,4.0,LUXURY
21985.006556357857,7328.335518785952,3,5,0,0.0,0.0,1.0,1.0,1.0,1.0,0.0,4.0,CULTURAL
234736.83134432958,117368.41567216479,2,7,2,0.0,0.0,1.0,1.0,0.0,1.0,1.0,4.0,LUXURY
25678.48903868343,12839.244519341715,2,3,0,0.0,0.0,1.0,1.0,1.0,1.0,0.0,4.0,CULTURAL
63504.801730547086,21168.267243515696,3,6,2,0.0,0.0,1.0,1.0,1.0,1.0,0.0,4.0,FAMILY
36741.336084257564,9185.334021064391,4,5,0,0.0,1.0,1.0,1.0,0.0,0.0,0.0,3.0,ADVENTURE
33871.782794456005,11290.594264818668,3,4,1,0.0,0.0,1.0,1.0,1.0,1.0,0.0,4.0,CULTURAL
61627.02666131531,15406.756665328827,4,5,1,0.0,0.0,1.0,1.0,1.0,1.0,0.0,4.0,FAMILY
47550.18822268754,15850.062740895846,3,4,1,0.0,0.0,1.0,1.0,1.0,1.0,0.0,4.0,CULTURAL
18309.472067103587,18309.472067103587,1,3,0,0.0,0.0,1.0,1.0,1.0,1.0,0.0,4.0,CULTURAL
48636.628845171246,16212.209615057081,3,6,1,0.0,1.0,1.0,1.0,0.0,0.0,0.0,3.0,ADVENTURE
46186.027474638184,11546.506868659546,4,4,1,1.0,0.0,0.0,0.0,0.0,1.0,1.0,3.0,NIGHTLIFE
18591.636118272076,18591.636118272076,1,2,0,0.0,0.0,1.0,1.0,1.0,0.0,0.0,3.0,BUDGET
15090.7153182589,15090.7153182589,1,4,0,0.0,0.0,1.0,1.0,0.0,1.0,0.0,3.0,BUDGET
51620.3917709954,25810.1958854977,2,3,2,1.0,0.0,0.0,1.0,0.0,0.0,1.0,3.0,NIGHTLIFE
200122.70192901703,200122.70192901703,1,3,2,0.0,0.0,1.0,1.0,0.0,1.0,1.0,4.0,LUXURY
155622.69108789,51874.230362630005,3,7,2,0.0,0.0,1.0,1.0,0.0,1.0,1.0,4.0,LUXURY
35037.79276942406,8759.448192356014,4,5,0,0.0,1.0,1.0,1.0,0.0,0.0,0.0,3.0,ADVENTURE
153582.78657971928,153582.78657971928,1,6,2,0.0,0.0,1.0,1.0,0.0,1.0,1.0,4.0,LUXURY
52689.477069181965,10537.895413836393,5,5,2,0.0,0.0,1.0,1.0,1.0,1.0,0.0,4.0,FAMILY
69213.45725152174,34606.72862576087,2,7,0,0.0,1.0,1.0,1.0,0.0,0.0,0.0,3.0,ADVENTURE
38304.92676722286,9576.231691805715,4,5,0,0.0,1.0,1.0,1.0,0.0,0.0,0.0,3.0,ADVENTURE
227258.59519837506,75752.86506612501,3,5,2,0.0,0.0,1.0,1.0,0.0,1.0,1.0,4.0,LUXURY
50638.056463301305,10127.611292660262,5,5,2,0.0,0.0,1.0,1.0,1.0,1.0,0.0,4.0,FAMILY
17796.628822556748,8898.314411278374,2,2,0,0.0,0.0,1.0,1.0,0.0,1.0,0.0,3.0,BUDGET
59040.552931168546,14760.138232792136,4,4,1,1.0,0.0,0.0,1.0,0.0,0.0,1.0,3.0,NIGHTLIFE
26202.08474642539,13101.042373212695,2,3,0,0.0,0.0,1.0,1.0,1.0,1.0,0.0,4.0,CULTURAL
38400.71038724317,7680.142077448634,5,7,1,0.0,0.0,1.0,1.0,1.0,1.0,0.0,4.0,FAMILY
16307.318774214229,8153.6593871071145,2,2,0,0.0,0.0,1.0,1.0,0.0,1.0,0.0,3.0,BUDGET
75711.8257975735,25237.275265857836,3,5,1,0.0,0.0,1.0,1.0,1.0,1.0,0.0,4.0,FAMILY
29711.66583011449,9903.888610038162,3,6,1,0.0,0.0,1.0,1.0,1.0,1.0,0.0,4.0,CULTURAL
40445.16556948919,13481.721856496397,3,4,2,1.0,0.0,0.0,1.0,0.0,0.0,1.0,3.0,NIGHTLIFE
15021.794387905664,15021.794387905664,1,2,0,0.0,0.0,1.0,1.0,0.0,1.0,0.0,3.0,BUDGET
37088.7196763551,6181.453279392516,6,6,2,0.0,0.0,1.0,1.0,1.0,1.0,0.0,4.0,FAMILY
50972.107317783804,16990.70243926127,3,3,1,1.0,0.0,0.0,1.0,0.0,0.0,1.0,3.0,NIGHTLIFE
70936.75020371351,14187.350040742702,5,4,2,0.0,0.0,1.0,1.0,1.0,1.0,0.0,4.0,FAMILY
42207.36452111871,10551.841130279678,4,7,2,0.0,0.0,1.0,1.0,1.0,1.0,0.0,4.0,FAMILY
19075.522781581818,19075.522781581818,1,3,0,0.0,0.0,1.0,1.0,1.0,0.0,0.0,3.0,BUDGET
104737.94106586224,104737.94106586224,1,5,2,0.0,0.0,1.0,1.0,0.0,1.0,1.0,4.0,LUXURY
36235.067068950135,36235.067068950135,1,4,0,0.0,0.0,1.0,1.0,1.0,1.0,0.0,4.0,CULTURAL
36443.74435521759,12147.91478507253,3,5,2,1.0,0.0,0.0,0.0,0.0,1.0,1.0,3.0,NIGHTLIFE
12435.853472736853,12435.853472736853,1,4,0,0.0,0.0,1.0,1.0,0.0,1.0,0.0,3.0,BUDGET
56442.74811069534,18814.24937023178,3,4,1,1.0,0.0,0.0,1.0,0.0,0.0,1.0,3.0,NIGHTLIFE
50912.382931613494,12728.095732903374,4,3,2,1.0,0.0,0.0,1.0,0.0,0.0,1.0,3.0,NIGHTLIFE
13760.551604221702,13760.551604221702,1,4,0,0.0,0.0,1.0,1.0,1.0,0.0,0.0,3.0,BUDGET
145459.86947222348,48486.62315740783,3,6,2,0.0,0.0,1.0,1.0,0.0,1.0,1.0,4.0,LUXURY
79025.8411000553,26341.947033351767,3,5,1,0.0,0.0,1.0,1.0,1.0,1.0,0.0,4.0,FAMILY
54782.55633012992,13695.63908253248,4,7,1,0.0,1.0,1.0,1.0,0.0,0.0,0.0,3.0,ADVENTURE
14159.914024308715,7079.9570121543575,2,4,0,0.0,0.0,1.0,1.0,0.0,1.0,0.0,3.0,BUDGET
31428.302706435614,15714.151353217807,2,4,2,1.0,0.0,0.0,0.0,0.0,1.0,1.0,3.0,NIGHTLIFE
173559.71740258767,86779.85870129384,2,6,2,0.0,0.0,1.0,1.0,0.0,1.0,1.0,4.0,LUXURY
48155.741473293674,16051.913824431225,3,4,0,0.0,0.0,1.0,1.0,1.0,1.0,0.0,4.0,CULTURAL
18062.990704431497,18062.990704431497,1,3,0,0.0,0.0,1.0,1.0,0.0,1.0,0.0,3.0,BUDGET
57907.01247969314,11581.402495938628,5,4,1,0.0,0.0,1.0,1.0,1.0,1.0,0.0,4.0,FAMILY
207601.73764650148,103800.86882325074,2,5,2,0.0,0.0,1.0,1.0,0.0,1.0,1.0,4.0,LUXURY
25162.665987833832,12581.332993916916,2,6,0,0.0,0.0,1.0,1.0,1.0,1.0,0.0,4.0,CULTURAL
37022.67175529023,12340.890585096742,3,5,0,0.0,0.0,1.0,1.0,1.0,1.0,0.0,4.0,CULTURAL
54724.05656475465,18241.35218825155,3,5,1,0.0,0.0,1.0,1.0,1.0,1.0,0.0,4.0,FAMILY
53623.07891585016,17874.35963861672,3,6,1,0.0,1.0,1.0,1.0,0.0,0.0,0.0,3.0,ADVENTURE
18737.928205131786,9368.964102565893,2,4,0,0.0,0.0,1.0,1.0,0.0,1.0,0.0,3.0,BUDGET
54617.192093390804,13654.298023347701,4,7,1,0.0,1.0,1.0,1.0,0.0,0.0,0.0,3.0,ADVENTURE
44131.67222859772,22065.83611429886,2,5,2,1.0,0.0,0.0,0.0,0.0,1.0,1.0,3.0,NIGHTLIFE
14669.678977246156,7334.839488623078,2,3,0,0.0,0.0,1.0,1.0,1.0,0.0,0.0,3.0,BUDGET
67343.78580679113,11223.964301131855,6,6,2,0.0,0.0,1.0,1.0,1.0,1.0,0.0,4.0,FAMILY
166865.02631766055,83432.51315883028,2,4,2,0.0,0.0,1.0,1.0,0.0,1.0,1.0,4.0,LUXURY
50574.135457457094,16858.045152485698,3,3,2,1.0,0.0,0.0,1.0,0.0,0.0,1.0,3.0,NIGHTLIFE
18873.18545262265,18873.18545262265,1,3,0,0.0,0.0,1.0,1.0,1.0,0.0,0.0,3.0,BUDGET
23991.99996423027,7997.333321410089,3,5,0,0.0,0.0,1.0,1.0,1.0,1.0,0.0,4.0,CULTURAL
38019.14285882381,19009.571429411906,2,3,2,1.0,0.0,0.0,0.0,0.0,1.0,1.0,3.0,NIGHTLIFE
239787.1433905705,239787.1433905705,1,4,2,0.0,0.0,1.0,1.0,0.0,1.0,1.0,4.0,LUXURY
15056.04156421601,15056.04156421601,1,4,0,0.0,0.0,1.0,1.0,1.0,1.0,0.0,4.0,CULTURAL
16659.158609015325,8329.579304507663,2,2,0,0.0,0.0,1.0,1.0,0.0,1.0,0.0,3.0,BUDGET
24693.411634361346,24693.411634361346,1,4,0,0.0,0.0,1.0,1.0,1.0,1.0,0.0,4.0,CULTURAL
24924.18038183767,12462.090190918834,2,6,1,0.0,0.0,1.0,1.0,1.0,1.0,0.0,4.0,CULTURAL
46877.81443471974,11719.453608679934,4,5,1,0.0,1.0,1.0,1.0,0.0,0.0,0.0,3.0,ADVENTURE
37288.75124995235,18644.375624976175,2,6,1,0.0,0.0,1.0,1.0,1.0,1.0,0.0,4.0,CULTURAL
59141.01873556562,14785.254683891406,4,3,1,1.0,0.0,0.0,0.0,0.0,1.0,1.0,3.0,NIGHTLIFE
39211.24196190131,13070.413987300437,3,7,2,0.0,0.0,1.0,1.0,1.0,1.0,0.0,4.0,FAMILY
73592.1763872616,14718.43527745232,5,6,2,0.0,0.0,1.0,1.0,1.0,1.0,0.0,4.0,FAMILY
39321.79186235766,9830.447965589416,4,7,0,0.0,1.0,1.0,1.0,0.0,0.0,0.0,3.0,ADVENTURE
32630.18021064847,16315.090105324234,2,6,0,0.0,0.0,1.0,1.0,1.0,1.0,0.0,4.0,CULTURAL
17091.679596243455,5697.226532081152,3,6,1,0.0,0.0,1.0,1.0,1.0,1.0,0.0,4.0,CULTURAL
59916.363256121345,14979.090814030336,4,7,1,0.0,0.0,1.0,1.0,1.0,1.0,0.0,4.0,FAMILY
15823.535114031207,15823.535114031207,1,2,0,0.0,0.0,1.0,1.0,0.0,1.0,0.0,3.0,BUDGET
22024.949501982726,22024.949501982726,1,4,0,0.0,0.0,1.0,1.0,1.0,1.0,0.0,4.0,CULTURAL
16026.095031963287,16026.095031963287,1,4,0,0.0,0.0,1.0,1.0,0.0,1.0,0.0,3.0,BUDGET
32440.09978930721,8110.024947326802,4,5,1,1.0,0.0,0.0,1.0,0.0,0.0,1.0,3.0,NIGHTLIFE
74112.92780474239,24704.309268247463,3,4,1,0.0,0.0,1.0,1.0,1.0,1.0,0.0,4.0,FAMILY
17333.094043815712,17333.094043815712,1,3,1,0.0,0.0,1.0,1.0,1.0,1.0,0.0,4.0,CULTURAL
16466.902070188262,16466.902070188262,1,2,0,0.0,0.0,1.0,1.0,1.0,0.0,0.0,3.0,BUDGET
8471.745678093188,8471.745678093188,1,4,0,0.0,0.0,1.0,1.0,1.0,0.0,0.0,3.0,BUDGET
28791.491983808708,9597.163994602903,3,6,1,0.0,1.0,1.0,1.0,0.0,0.0,0.0,3.0,ADVENTURE
73979.09274757646,12329.848791262744,6,5,2,0.0,0.0,1.0,1.0,1.0,1.0,0.0,4.0,FAMILY
43110.96790714559,21555.483953572795,2,6,0,0.0,0.0,1.0,1.0,1.0,1.0,0.0,4.0,CULTURAL
52909.34433689463,17636.44811229821,3,7,1,0.0,0.0,1.0,1.0,1.0,1.0,0.0,4.0,FAMILY
32687.378388323916,10895.792796107971,3,5,0,0.0,0.0,1.0,1.0,1.0,1.0,0.0,4.0,CULTURAL
80827.62930143555,80827.62930143555,1,4,2,0.0,0.0,1.0,1.0,0.0,1.0,1.0,4.0,LUXURY
8657.139665864375,8657.139665864375,1,3,0,0.0,0.0,1.0,1.0,0.0,1.0,0.0,3.0,BUDGET
18837.812704119515,9418.906352059757,2,3,0,0.0,0.0,1.0,1.0,0.0,1.0,0.0,3.0,BUDGET
33952.821358779176,8488.205339694794,4,4,2,1.0,0.0,0.0,0.0,0.0,1.0,1.0,3.0,NIGHTLIFE
21903.49331584559,10951.746657922795,2,6,1,0.0,0.0,1.0,1.0,1.0,1.0,0.0,4.0,CULTURAL
30483.780926186777,15241.890463093388,2,3,0,0.0,0.0,1.0,1.0,1.0,1.0,0.0,4.0,CULTURAL
224035.79969366305,224035.79969366305,1,5,2,0.0,0.0,1.0,1.0,0.0,1.0,1.0,4.0,LUXURY
58809.41377659507,29404.706888297536,2,3,2,1.0,0.0,0.0,0.0,0.0,1.0,1.0,3.0,NIGHTLIFE
26010.567169492326,26010.567169492326,1,3,0,0.0,0.0,1.0,1.0,1.0,1.0,0.0,4.0,CULTURAL
67159.65993658017,11193.276656096694,6,6,1,0.0,0.0,1.0,1.0,1.0,1.0,0.0,4.0,FAMILY
115943.3138598149,38647.77128660496,3,3,2,0.0,0.0,1.0,1.0,0.0,1.0,1.0,4.0,LUXURY
188341.36661146407,62780.45553715469,3,5,2,0.0,0.0,1.0,1.0,0.0,1.0,1.0,4.0,LUXURY
58339.91342670961,29169.956713354804,2,4,2,1.0,0.0,0.0,0.0,0.0,1.0,1.0,3.0,NIGHTLIFE
27119.311453716196,27119.311453716196,1,5,1,0.0,0.0,1.0,1.0,1.0,1.0,0.0,4.0,CULTURAL
62663.15096186651,20887.716987288837,3,7,1,0.0,0.0,1.0,1.0,1.0,1.0,0.0,4.0,FAMILY
26350.959946708233,13175.479973354117,2,5,0,0.0,1.0,1.0,1.0,0.0,0.0,0.0,3.0,ADVENTURE
14477.372742975596,14477.372742975596,1,4,0,0.0,0.0,1.0,1.0,1.0,0.0,0.0,3.0,BUDGET
40515.88222075238,13505.294073584126,3,5,2,1.0,0.0,0.0,1.0,0.0,0.0,1.0,3.0,NIGHTLIFE
10067.838454419558,5033.919227209779,2,4,0,0.0,0.0,1.0,1.0,1.0,0.0,0.0,3.0,BUDGET
20332.79768908768,6777.599229695894,3,4,1,1.0,0.0,0.0,1.0,0.0,0.0,1.0,3.0,NIGHTLIFE
63474.347759909506,12694.869551981901,5,7,1,0.0,0.0,1.0,1.0,1.0,1.0,0.0,4.0,FAMILY
74189.29424817128,14837.858849634256,5,7,1,0.0,0.0,1.0,1.0,1.0,1.0,0.0,4.0,FAMILY
57968.027727235654,28984.013863617827,2,4,1,1.0,0.0,0.0,0.0,0.0,1.0,1.0,3.0,NIGHTLIFE
45297.57627304562,45297.57627304562,1,3,1,0.0,0.0,1.0,1.0,1.0,1.0,0.0,4.0,CULTURAL
77119.35095511166,19279.837738777915,4,6,1,0.0,0.0,1.0,1.0,1.0,1.0,0.0,4.0,FAMILY
155547.2551366837,155547.2551366837,1,5,2,0.0,0.0,1.0,1.0,0.0,1.0,1.0,4.0,LUXURY
113936.89730218599,113936.89730218599,1,6,2,0.0,0.0,1.0,1.0,0.0,1.0,1.0,4.0,LUXURY
30056.15679555096,15028.07839777548,2,3,1,0.0,0.0,1.0,1.0,1.0,1.0,0.0,4.0,CULTURAL
55251.28092823876,27625.64046411938,2,5,0,0.0,1.0,1.0,1.0,0.0,0.0,0.0,3.0,ADVENTURE
55863.45282208047,9310.575470346745,6,4,1,0.0,0.0,1.0,1.0,1.0,1.0,0.0,4.0,FAMILY
117479.98176989287,39159.993923297625,3,6,2,0.0,0.0,1.0,1.0,0.0,1.0,1.0,4.0,LUXURY
64024.96510373565,16006.241275933913,4,6,2,0.0,0.0,1.0,1.0,1.0,1.0,0.0,4.0,FAMILY
52823.95030706347,26411.975153531734,2,3,1,1.0,0.0,0.0,0.0,0.0,1.0,1.0,3.0,NIGHTLIFE
40353.52245993156,20176.76122996578,2,5,0,0.0,0.0,1.0,1.0,1.0,1.0,0.0,4.0,CULTURAL
29977.161949292236,9992.387316430746,3,5,0,0.0,1.0,1.0,1.0,0.0,0.0,0.0,3.0,ADVENTURE
17469.252229846312,5823.084076615437,3,3,1,0.0,0.0,1.0,1.0,1.0,1.0,0.0,4.0,CULTURAL
43827.52900202501,14609.176334008336,3,8,0,0.0,1.0,1.0,1.0,0.0,0.0,0.0,3.0,ADVENTURE
34425.509627928,17212.754813964,2,7,0,0.0,1.0,1.0,1.0,0.0,0.0,0.0,3.0,ADVENTURE
50941.555661382554,25470.777830691277,2,3,1,1.0,0.0,0.0,0.0,0.0,1.0,1.0,3.0,NIGHTLIFE
14472.106902987809,7236.0534514939045,2,4,0,0.0,0.0,1.0,1.0,0.0,1.0,0.0,3.0,BUDGET
48894.66956751428,48894.66956751428,1,3,1,0.0,0.0,1.0,1.0,1.0,1.0,0.0,4.0,CULTURAL
34931.678013205375,17465.839006602688,2,5,1,0.0,0.0,1.0,1.0,1.0,1.0,0.0,4.0,CULTURAL
13083.162349045795,6541.5811745228975,2,3,0,0.0,0.0,1.0,1.0,1.0,0.0,0.0,3.0,BUDGET
44019.52152050313,14673.173840167708,3,8,1,0.0,1.0,1.0,1.0,0.0,0.0,0.0,3.0,ADVENTURE
70872.48542455958,14174.497084911916,5,5,1,0.0,0.0,1.0,1.0,1.0,1.0,0.0,4.0,FAMILY
85682.00731403564,42841.00365701782,2,3,2,0.0,0.0,1.0,1.0,0.0,1.0,1.0,4.0,LUXURY
239948.96547410052,239948.96547410052,1,5,2,0.0,0.0,1.0,1.0,0.0,1.0,1.0,4.0,LUXURY
45871.6412377456,11467.9103094364,4,5,0,0.0,1.0,1.0,1.0,0.0,0.0,0.0,3.0,ADVENTURE
126578.09286231307,63289.04643115654,2,6,2,0.0,0.0,1.0,1.0,0.0,1.0,1.0,4.0,LUXURY
26933.829721186965,13466.914860593482,2,5,1,0.0,0.0,1.0,1.0,1.0,1.0,0.0,4.0,CULTURAL
40970.39575689493,20485.197878447467,2,5,1,0.0,1.0,1.0,1.0,0.0,0.0,0.0,3.0,ADVENTURE
78149.60019294973,15629.920038589946,5,7,2,0.0,0.0,1.0,1.0,1.0,1.0,0.0,4.0,FAMILY
25554.85305586068,12777.42652793034,2,3,1,1.0,0.0,0.0,1.0,0.0,0.0,1.0,3.0,NIGHTLIFE
40525.757796605474,20262.878898302737,2,8,1,0.0,1.0,1.0,1.0,0.0,0.0,0.0,3.0,ADVENTURE
18441.18648681116,9220.59324340558,2,4,0,0.0,0.0,1.0,1.0,1.0,0.0,0.0,3.0,BUDGET
143804.62878141235,71902.31439070617,2,4,2,0.0,0.0,1.0,1.0,0.0,1.0,1.0,4.0,LUXURY
48989.28900896149,12247.322252240372,4,7,1,0.0,0.0,1.0,1.0,1.0,1.0,0.0,4.0,FAMILY
9390.428714301557,9390.428714301557,1,2,0,0.0,0.0,1.0,1.0,0.0,1.0,0.0,3.0,BUDGET
57616.768292029876,19205.589430676624,3,5,1,1.0,0.0,0.0,1.0,0.0,0.0,1.0,3.0,NIGHTLIFE
172862.09202224467,86431.04601112234,2,6,2,0.0,0.0,1.0,1.0,0.0,1.0,1.0,4.0,LUXURY
38356.60057356106,6392.766762260177,6,7,1,0.0,0.0,1.0,1.0,1.0,1.0,0.0,4.0,FAMILY
25595.296580738228,12797.648290369114,2,7,1,0.0,1.0,1.0,1.0,0.0,0.0,0.0,3.0,ADVENTURE
16745.26017729626,5581.753392432086,3,6,1,0.0,0.0,1.0,1.0,1.0,1.0,0.0,4.0,CULTURAL
44652.579689315855,11163.144922328964,4,4,2,1.0,0.0,0.0,0.0,0.0,1.0,1.0,3.0,NIGHTLIFE
60242.26439156637,20080.75479718879,3,6,1,0.0,1.0,1.0,1.0,0.0,0.0,0.0,3.0,ADVENTURE
29063.47105105933,9687.823683686443,3,5,1,0.0,0.0,1.0,1.0,1.0,1.0,0.0,4.0,CULTURAL
47944.76251173793,47944.76251173793,1,6,0,0.0,0.0,1.0,1.0,1.0,1.0,0.0,4.0,CULTURAL
60777.610792275904,15194.402698068976,4,6,0,0.0,1.0,1.0,1.0,0.0,0.0,0.0,3.0,ADVENTURE
60012.083791743964,20004.02793058132,3,7,0,0.0,1.0,1.0,1.0,0.0,0.0,0.0,3.0,ADVENTURE
20534.707330375826,6844.902443458609,3,4,1,1.0,0.0,0.0,1.0,0.0,0.0,1.0,3.0,NIGHTLIFE
13849.174378994163,6924.587189497081,2,4,0,0.0,0.0,1.0,1.0,0.0,1.0,0.0,3.0,BUDGET
61192.96623382865,20397.655411276217,3,6,1,0.0,0.0,1.0,1.0,1.0,1.0,0.0,4.0,FAMILY
33600.943980200354,11200.314660066784,3,4,1,0.0,1.0,1.0,1.0,0.0,0.0,0.0,3.0,ADVENTURE
49067.82981533006,24533.91490766503,2,3,1,0.0,0.0,1.0,1.0,1.0,1.0,0.0,4.0,CULTURAL
58593.61356135933,9765.602260226555,6,4,1,0.0,0.0,1.0,1.0,1.0,1.0,0.0,4.0,FAMILY
46865.69126184119,15621.897087280397,3,3,1,1.0,0.0,0.0,0.0,0.0,1.0,1.0,3.0,NIGHTLIFE
57953.83823324522,14488.459558311304,4,3,1,1.0,0.0,0.0,0.0,0.0,1.0,1.0,3.0,NIGHTLIFE
12862.977056332265,6431.488528166133,2,3,0,0.0,0.0,1.0,1.0,0.0,1.0,0.0,3.0,BUDGET
18236.11346560832,18236.11346560832,1,2,0,0.0,0.0,1.0,1.0,1.0,0.0,0.0,3.0,BUDGET
238499.18407773084,119249.59203886542,2,7,2,0.0,0.0,1.0,1.0,0.0,1.0,1.0,4.0,LUXURY
34668.18384976337,17334.091924881686,2,3,0,0.0,0.0,1.0,1.0,1.0,1.0,0.0,4.0,CULTURAL
34796.12347118152,34796.12347118152,1,5,1,0.0,0.0,1.0,1.0,1.0,1.0,0.0,4.0,CULTURAL
31240.179956348544,7810.044989087136,4,4,2,1.0,0.0,0.0,1.0,0.0,0.0,1.0,3.0,NIGHTLIFE
15126.597170694786,7563.298585347393,2,3,0,0.0,0.0,1.0,1.0,0.0,1.0,0.0,3.0,BUDGET
122807.15022864986,61403.57511432493,2,7,2,0.0,0.0,1.0,1.0,0.0,1.0,1.0,4.0,LUXURY
73319.32571256711,14663.865142513421,5,5,2,0.0,0.0,1.0,1.0,1.0,1.0,0.0,4.0,FAMILY
35156.411122352576,8789.102780588144,4,5,1,1.0,0.0,0.0,0.0,0.0,1.0,1.0,3.0,NIGHTLIFE
178865.9147544581,89432.95737722905,2,5,2,0.0,0.0,1.0,1.0,0.0,1.0,1.0,4.0,LUXURY
47749.81529159687,7958.302548599478,6,4,1,0.0,0.0,1.0,1.0,1.0,1.0,0.0,4.0,FAMILY
35960.9083165061,35960.9083165061,1,6,1,0.0,0.0,1.0,1.0,1.0,1.0,0.0,4.0,CULTURAL
247552.12477197606,82517.37492399201,3,4,2,0.0,0.0,1.0,1.0,0.0,1.0,1.0,4.0,LUXURY
243044.3211880086,81014.7737293362,3,6,2,0.0,0.0,1.0,1.0,0.0,1.0,1.0,4.0,LUXURY
17773.73621454751,5924.578738182503,3,5,1,0.0,0.0,1.0,1.0,1.0,1.0,0.0,4.0,CULTURAL
24957.918590985544,12478.959295492772,2,4,0,0.0,0.0,1.0,1.0,1.0,1.0,0.0,4.0,CULTURAL
45285.309572035854,15095.103190678617,3,6,1,0.0,0.0,1.0,1.0,1.0,1.0,0.0,4.0,CULTURAL
8927.852785865447,4463.9263929327235,2,2,0,0.0,0.0,1.0,1.0,0.0,1.0,0.0,3.0,BUDGET
29511.05036752945,14755.525183764725,2,4,1,0.0,1.0,1.0,1.0,0.0,0.0,0.0,3.0,ADVENTURE
46074.3272907508,23037.1636453754,2,4,1,0.0,0.0,1.0,1.0,1.0,1.0,0.0,4.0,CULTURAL
34903.99045921239,17451.995229606197,2,5,0,0.0,1.0,1.0,1.0,0.0,0.0,0.0,3.0,ADVENTURE
16832.15124509596,16832.15124509596,1,6,0,0.0,0.0,1.0,1.0,1.0,1.0,0.0,4.0,CULTURAL
34942.19204190728,17471.09602095364,2,3,1,1.0,0.0,0.0,0.0,0.0,1.0,1.0,3.0,NIGHTLIFE
14687.664426680574,7343.832213340287,2,4,0,0.0,0.0,1.0,1.0,1.0,0.0,0.0,3.0,BUDGET
156218.89998918772,156218.89998918772,1,6,2,0.0,0.0,1.0,1.0,0.0,1.0,1.0,4.0,LUXURY
53576.623005125635,10715.324601025128,5,7,1,0.0,0.0,1.0,1.0,1.0,1.0,0.0,4.0,FAMILY
48239.91095722647,9647.982191445295,5,6,1,0.0,0.0,1.0,1.0,1.0,1.0,0.0,4.0,FAMILY
14332.413309035599,14332.413309035599,1,2,0,0.0,0.0,1.0,1.0,0.0,1.0,0.0,3.0,BUDGET
48023.73621335563,12005.934053338908,4,5,0,0.0,1.0,1.0,1.0,0.0,0.0,0.0,3.0,ADVENTURE
47481.56602329922,11870.391505824806,4,3,1,1.0,0.0,0.0,1.0,0.0,0.0,1.0,3.0,NIGHTLIFE
13130.492220302596,6565.246110151298,2,2,0,0.0,0.0,1.0,1.0,1.0,0.0,0.0,3.0,BUDGET
11736.95971269553,5868.479856347765,2,2,0,0.0,0.0,1.0,1.0,0.0,1.0,0.0,3.0,BUDGET
39942.831980228366,9985.707995057091,4,3,1,1.0,0.0,0.0,0.0,0.0,1.0,1.0,3.0,NIGHTLIFE
10225.67491492067,5112.837457460335,2,4,0,0.0,0.0,1.0,1.0,1.0,0.0,0.0,3.0,BUDGET
38332.94378350302,9583.235945875755,4,3,1,1.0,0.0,0.0,1.0,0.0,0.0,1.0,3.0,NIGHTLIFE
21776.833342841128,10888.416671420564,2,5,1,0.0,0.0,1.0,1.0,1.0,1.0,0.0,4.0,CULTURAL
14759.306863716603,7379.653431858302,2,3,0,0.0,0.0,1.0,1.0,1.0,0.0,0.0,3.0,BUDGET
49624.67782033424,12406.16945508356,4,6,2,0.0,0.0,1.0,1.0,1.0,1.0,0.0,4.0,FAMILY
31869.516538924207,31869.516538924207,1,3,0,0.0,0.0,1.0,1.0,1.0,1.0,0.0,4.0,CULTURAL
105796.29520201891,105796.29520201891,1,6,2,0.0,0.0,1.0,1.0,0.0,1.0,1.0,4.0,LUXURY
18649.525790162035,9324.762895081018,2,4,0,0.0,0.0,1.0,1.0,0.0,1.0,0.0,3.0,BUDGET
189275.16198607255,189275.16198607255,1,5,2,0.0,0.0,1.0,1.0,0.0,1.0,1.0,4.0,LUXURY
14828.97762998897,14828.97762998897,1,3,0,0.0,0.0,1.0,1.0,1.0,0.0,0.0,3.0,BUDGET
19240.44114413449,9620.220572067245,2,4,0,0.0,0.0,1.0,1.0,1.0,1.0,0.0,4.0,CULTURAL
45724.65588557975,15241.551961859916,3,3,0,0.0,0.0,1.0,1.0,1.0,1.0,0.0,4.0,CULTURAL
69124.24622819689,11520.707704699482,6,4,1,0.0,0.0,1.0,1.0,1.0,1.0,0.0,4.0,FAMILY
13289.152963258737,6644.576481629369,2,3,0,0.0,0.0,1.0,1.0,0.0,1.0,0.0,3.0,BUDGET
205126.01807243115,102563.00903621558,2,4,2,0.0,0.0,1.0,1.0,0.0,1.0,1.0,4.0,LUXURY
17531.473399597548,17531.473399597548,1,2,0,0.0,0.0,1.0,1.0,1.0,0.0,0.0,3.0,BUDGET
62639.898661144136,31319.949330572068,2,4,1,0.0,1.0,1.0,1.0,0.0,0.0,0.0,3.0,ADVENTURE
35775.13390450043,11925.044634833475,3,6,0,0.0,0.0,1.0,1.0,1.0,1.0,0.0,4.0,CULTURAL
63577.92218065186,10596.320363441977,6,5,1,0.0,0.0,1.0,1.0,1.0,1.0,0.0,4.0,FAMILY
48837.12847487655,24418.564237438273,2,4,0,0.0,1.0,1.0,1.0,0.0,0.0,0.0,3.0,ADVENTURE
62418.32499005006,15604.581247512515,4,7,1,0.0,1.0,1.0,1.0,0.0,0.0,0.0,3.0,ADVENTURE
34044.41006870853,17022.205034354265,2,3,1,0.0,0.0,1.0,1.0,1.0,1.0,0.0,4.0,CULTURAL
95905.09917509704,47952.54958754852,2,6,2,0.0,0.0,1.0,1.0,0.0,1.0,1.0,4.0,LUXURY
22846.331406937312,7615.443802312438,3,5,1,1.0,0.0,0.0,0.0,0.0,1.0,1.0,3.0,NIGHTLIFE
93713.86045650016,93713.86045650016,1,5,2,0.0,0.0,1.0,1.0,0.0,1.0,1.0,4.0,LUXURY
35709.22973085665,8927.307432714162,4,3,1,1.0,0.0,0.0,0.0,0.0,1.0,1.0,3.0,NIGHTLIFE
169113.36608076224,169113.36608076224,1,3,2,0.0,0.0,1.0,1.0,0.0,1.0,1.0,4.0,LUXURY
54872.10136837263,18290.70045612421,3,5,0,0.0,1.0,1.0,1.0,0.0,0.0,0.0,3.0,ADVENTURE
49514.750214225496,16504.916738075164,3,6,0,0.0,1.0,1.0,1.0,0.0,0.0,0.0,3.0,ADVENTURE
24370.568412384855,12185.284206192428,2,3,1,1.0,0.0,0.0,0.0,0.0,1.0,1.0,3.0,NIGHTLIFE
64269.478247922496,21423.159415974165,3,4,0,0.0,1.0,1.0,1.0,0.0,0.0,0.0,3.0,ADVENTURE
24078.990858064884,12039.495429032442,2,3,0,0.0,0.0,1.0,1.0,1.0,1.0,0.0,4.0,CULTURAL
48099.53366353875,12024.883415884688,4,4,2,1.0,0.0,0.0,1.0,0.0,0.0,1.0,3.0,NIGHTLIFE
57889.17086850124,14472.29271712531,4,6,1,0.0,0.0,1.0,1.0,1.0,1.0,0.0,4.0,FAMILY
59540.86591981787,14885.216479954468,4,3,1,1.0,0.0,0.0,1.0,0.0,0.0,1.0,3.0,NIGHTLIFE
37239.977224604016,12413.325741534672,3,6,1,0.0,0.0,1.0,1.0,1.0,1.0,0.0,4.0,CULTURAL
45582.814164695825,22791.407082347912,2,4,1,0.0,0.0,1.0,1.0,1.0,1.0,0.0,4.0,CULTURAL
32724.17787613888,8181.04446903472,4,5,1,1.0,0.0,0.0,0.0,0.0,1.0,1.0,3.0,NIGHTLIFE
38771.409093031616,19385.704546515808,2,4,2,1.0,0.0,0.0,1.0,0.0,0.0,1.0,3.0,NIGHTLIFE
24657.4904282522,24657.4904282522,1,3,0,0.0,0.0,1.0,1.0,1.0,1.0,0.0,4.0,CULTURAL
38357.62066387281,9589.405165968203,4,4,2,1.0,0.0,0.0,0.0,0.0,1.0,1.0,3.0,NIGHTLIFE
10962.512754063215,10962.512754063215,1,3,0,0.0,0.0,1.0,1.0,1.0,0.0,0.0,3.0,BUDGET
77791.22418603761,12965.204031006268,6,4,2,0.0,0.0,1.0,1.0,1.0,1.0,0.0,4.0,FAMILY
26156.034019123366,8718.678006374455,3,7,1,0.0,1.0,1.0,1.0,0.0,0.0,0.0,3.0,ADVENTURE
27759.824963195257,9253.274987731753,3,4,1,0.0,0.0,1.0,1.0,1.0,1.0,0.0,4.0,CULTURAL
69484.2994170568,17371.0748542642,4,5,1,0.0,1.0,1.0,1.0,0.0,0.0,0.0,3.0,ADVENTURE
72208.52244845986,12034.753741409977,6,7,2,0.0,0.0,1.0,1.0,1.0,1.0,0.0,4.0,FAMILY
62538.42737793737,15634.606844484342,4,6,2,0.0,0.0,1.0,1.0,1.0,1.0,0.0,4.0,FAMILY
30958.207607340457,10319.402535780153,3,6,0,0.0,1.0,1.0,1.0,0.0,0.0,0.0,3.0,ADVENTURE
44275.39080816432,22137.69540408216,2,4,1,0.0,0.0,1.0,1.0,1.0,1.0,0.0,4.0,CULTURAL
133756.57083576612,44585.52361192204,3,4,2,0.0,0.0,1.0,1.0,0.0,1.0,1.0,4.0,LUXURY
30397.882377893642,10132.62745929788,3,7,0,0.0,1.0,1.0,1.0,0.0,0.0,0.0,3.0,ADVENTURE
41401.02018395731,10350.255045989328,4,3,1,1.0,0.0,0.0,1.0,0.0,0.0,1.0,3.0,NIGHTLIFE
9944.166534699016,4972.083267349508,2,4,0,0.0,0.0,1.0,1.0,1.0,0.0,0.0,3.0,BUDGET
30753.869698113733,10251.289899371244,3,4,1,1.0,0.0,0.0,0.0,0.0,1.0,1.0,3.0,NIGHTLIFE
84798.88914062009,28266.296380206695,3,3,2,0.0,0.0,1.0,1.0,0.0,1.0,1.0,4.0,LUXURY
231829.33602482034,115914.66801241017,2,6,2,0.0,0.0,1.0,1.0,0.0,1.0,1.0,4.0,LUXURY
16850.01497731698,16850.01497731698,1,4,0,0.0,0.0,1.0,1.0,1.0,0.0,0.0,3.0,BUDGET
45885.44169716536,45885.44169716536,1,4,1,0.0,0.0,1.0,1.0,1.0,1.0,0.0,4.0,CULTURAL
31323.1108076592,15661.5554038296,2,5,1,0.0,0.0,1.0,1.0,1.0,1.0,0.0,4.0,CULTURAL
22983.51322658348,7661.171075527826,3,5,0,0.0,0.0,1.0,1.0,1.0,1.0,0.0,4.0,CULTURAL
49045.476275549365,12261.369068887341,4,6,1,0.0,0.0,1.0,1.0,1.0,1.0,0.0,4.0,FAMILY
56647.889327566765,18882.62977585559,3,5,2,0.0,0.0,1.0,1.0,1.0,1.0,0.0,4.0,FAMILY
31632.28387728343,6326.456775456686,5,4,1,0.0,0.0,1.0,1.0,1.0,1.0,0.0,4.0,FAMILY
26679.647265147047,8893.215755049016,3,4,0,0.0,0.0,1.0,1.0,1.0,1.0,0.0,4.0,CULTURAL
137963.53551930806,68981.76775965403,2,5,2,0.0,0.0,1.0,1.0,0.0,1.0,1.0,4.0,LUXURY
15582.04654603759,15582.04654603759,1,2,0,0.0,0.0,1.0,1.0,1.0,0.0,0.0,3.0,BUDGET
46195.98774622595,15398.662582075316,3,3,0,0.0,0.0,1.0,1.0,1.0,1.0,0.0,4.0,CULTURAL
57872.16148670347,28936.080743351737,2,5,0,0.0,1.0,1.0,1.0,0.0,0.0,0.0,3.0,ADVENTURE
90499.60566933395,90499.60566933395,1,5,2,0.0,0.0,1.0,1.0,0.0,1.0,1.0,4.0,LUXURY
20399.151066337974,10199.575533168987,2,3,1,1.0,0.0,0.0,0.0,0.0,1.0,1.0,3.0,NIGHTLIFE
31620.180226856817,15810.090113428409,2,5,1,1.0,0.0,0.0,0.0,0.0,1.0,1.0,3.0,NIGHTLIFE
30417.441045509004,15208.720522754502,2,4,0,0.0,1.0,1.0,1.0,0.0,0.0,0.0,3.0,ADVENTURE
17597.384264891232,8798.692132445616,2,3,0,0.0,0.0,1.0,1.0,1.0,0.0,0.0,3.0,BUDGET
206922.54478951465,206922.54478951465,1,5,2,0.0,0.0,1.0,1.0,0.0,1.0,1.0,4.0,LUXURY
156083.8153680305,156083.8153680305,1,7,2,0.0,0.0,1.0,1.0,0.0,1.0,1.0,4.0,LUXURY
57308.42032531046,28654.21016265523,2,4,1,1.0,0.0,0.0,1.0,0.0,0.0,1.0,3.0,NIGHTLIFE
244153.67133475028,81384.55711158343,3,4,2,0.0,0.0,1.0,1.0,0.0,1.0,1.0,4.0,LUXURY
27754.522717475706,9251.507572491902,3,3,2,1.0,0.0,0.0,0.0,0.0,1.0,1.0,3.0,NIGHTLIFE
28596.505481455835,9532.168493818612,3,4,2,1.0,0.0,0.0,1.0,0.0,0.0,1.0,3.0,NIGHTLIFE
54292.356094433635,13573.089023608409,4,3,1,1.0,0.0,0.0,0.0,0.0,1.0,1.0,3.0,NIGHTLIFE
29238.792658946273,29238.792658946273,1,6,1,0.0,0.0,1.0,1.0,1.0,1.0,0.0,4.0,CULTURAL
17357.105297456368,17357.105297456368,1,3,0,0.0,0.0,1.0,1.0,0.0,1.0,0.0,3.0,BUDGET
31137.576330017382,7784.3940825043455,4,3,2,1.0,0.0,0.0,0.0,0.0,1.0,1.0,3.0,NIGHTLIFE
22247.04309389756,7415.6810312991865,3,5,1,1.0,0.0,0.0,0.0,0.0,1.0,1.0,3.0,NIGHTLIFE
17219.28096637422,17219.28096637422,1,4,0,0.0,0.0,1.0,1.0,1.0,0.0,0.0,3.0,BUDGET
55486.212337584904,11097.24246751698,5,7,1,0.0,0.0,1.0,1.0,1.0,1.0,0.0,4.0,FAMILY
34442.01225437822,8610.503063594555,4,6,1,0.0,0.0,1.0,1.0,1.0,1.0,0.0,4.0,FAMILY
32217.480841369525,32217.480841369525,1,5,0,0.0,0.0,1.0,1.0,1.0,1.0,0.0,4.0,CULTURAL
25971.707594625765,8657.235864875254,3,6,1,0.0,0.0,1.0,1.0,1.0,1.0,0.0,4.0,CULTURAL
15188.352377327918,7594.176188663959,2,4,0,0.0,0.0,1.0,1.0,0.0,1.0,0.0,3.0,BUDGET
155511.27114665572,51837.09038221857,3,5,2,0.0,0.0,1.0,1.0,0.0,1.0,1.0,4.0,LUXURY
39939.39121447162,9984.847803617906,4,8,1,0.0,1.0,1.0,1.0,0.0,0.0,0.0,3.0,ADVENTURE
44522.97652848599,22261.488264242995,2,4,1,0.0,1.0,1.0,1.0,0.0,0.0,0.0,3.0,ADVENTURE
49361.84894083472,12340.46223520868,4,6,1,0.0,1.0,1.0,1.0,0.0,0.0,0.0,3.0,ADVENTURE
19610.96661824297,9805.483309121484,2,3,0,0.0,0.0,1.0,1.0,1.0,0.0,0.0,3.0,BUDGET
62763.11777411344,31381.55888705672,2,7,0,0.0,1.0,1.0,1.0,0.0,0.0,0.0,3.0,ADVENTURE
9871.934244034432,9871.934244034432,1,4,0,0.0,0.0,1.0,1.0,0.0,1.0,0.0,3.0,BUDGET
53021.02934274088,17673.676447580296,3,6,1,0.0,1.0,1.0,1.0,0.0,0.0,0.0,3.0,ADVENTURE
30061.833987970473,5010.305664661745,6,7,2,0.0,0.0,1.0,1.0,1.0,1.0,0.0,4.0,FAMILY
179131.72998698778,59710.57666232926,3,5,2,0.0,0.0,1.0,1.0,0.0,1.0,1.0,4.0,LUXURY
17901.28797707192,17901.28797707192,1,4,0,0.0,0.0,1.0,1.0,1.0,0.0,0.0,3.0,BUDGET
13064.432714608249,6532.216357304124,2,3,0,0.0,0.0,1.0,1.0,1.0,0.0,0.0,3.0,BUDGET
61353.954055779155,15338.488513944789,4,4,1,0.0,1.0,1.0,1.0,0.0,0.0,0.0,3.0,ADVENTURE
39892.497846758895,19946.248923379448,2,5,2,1.0,0.0,0.0,1.0,0.0,0.0,1.0,3.0,NIGHTLIFE
9400.352769700175,9400.352769700175,1,3,0,0.0,0.0,1.0,1.0,1.0,0.0,0.0,3.0,BUDGET
15667.392624011141,15667.392624011141,1,4,0,0.0,0.0,1.0,1.0,1.0,0.0,0.0,3.0,BUDGET
64206.323232939365,21402.10774431312,3,6,0,0.0,1.0,1.0,1.0,0.0,0.0,0.0,3.0,ADVENTURE
244813.4528990503,122406.72644952514,2,5,2,0.0,0.0,1.0,1.0,0.0,1.0,1.0,4.0,LUXURY
59108.52300881367,19702.84100293789,3,5,1,0.0,0.0,1.0,1.0,1.0,1.0,0.0,4.0,FAMILY
17935.290646129903,17935.290646129903,1,3,0,0.0,0.0,1.0,1.0,0.0,1.0,0.0,3.0,BUDGET
16212.774843490597,8106.3874217452985,2,4,0,0.0,0.0,1.0,1.0,1.0,1.0,0.0,4.0,CULTURAL
52552.40945622426,17517.46981874142,3,6,1,0.0,1.0,1.0,1.0,0.0,0.0,0.0,3.0,ADVENTURE
11405.310869584693,5702.655434792347,2,3,0,0.0,0.0,1.0,1.0,0.0,1.0,0.0,3.0,BUDGET
97321.59817516398,32440.532725054658,3,4,2,0.0,0.0,1.0,1.0,0.0,1.0,1.0,4.0,LUXURY
42546.39884115049,21273.199420575245,2,3,2,1.0,0.0,0.0,1.0,0.0,0.0,1.0,3.0,NIGHTLIFE
18540.73340311394,6180.244467704647,3,5,0,0.0,0.0,1.0,1.0,1.0,1.0,0.0,4.0,CULTURAL
48267.02134710799,16089.007115702663,3,4,1,1.0,0.0,0.0,1.0,0.0,0.0,1.0,3.0,NIGHTLIFE
53559.893108720426,17853.29770290681,3,4,1,1.0,0.0,0.0,1.0,0.0,0.0,1.0,3.0,NIGHTLIFE
179013.9630710103,179013.9630710103,1,7,2,0.0,0.0,1.0,1.0,0.0,1.0,1.0,4.0,LUXURY
22915.305993074144,22915.305993074144,1,5,0,0.0,0.0,1.0,1.0,1.0,1.0,0.0,4.0,CULTURAL
70698.51347530093,14139.702695060187,5,7,1,0.0,0.0,1.0,1.0,1.0,1.0,0.0,4.0,FAMILY
74746.072061392,24915.35735379733,3,5,2,0.0,0.0,1.0,1.0,1.0,1.0,0.0,4.0,FAMILY
10828.300952779997,5414.150476389998,2,3,0,0.0,0.0,1.0,1.0,0.0,1.0,0.0,3.0,BUDGET
35414.66689986838,11804.888966622793,3,3,0,0.0,0.0,1.0,1.0,1.0,1.0,0.0,4.0,CULTURAL
48092.654660256936,8015.442443376156,6,5,1,0.0,0.0,1.0,1.0,1.0,1.0,0.0,4.0,FAMILY
50497.87834699474,16832.626115664913,3,3,1,1.0,0.0,0.0,0.0,0.0,1.0,1.0,3.0,NIGHTLIFE
8962.804947939707,8962.804947939707,1,4,0,0.0,0.0,1.0,1.0,0.0,1.0,0.0,3.0,BUDGET
64801.030902689614,10800.171817114935,6,6,2,0.0,0.0,1.0,1.0,1.0,1.0,0.0,4.0,FAMILY
25658.311620298417,8552.770540099473,3,5,1,0.0,0.0,1.0,1.0,1.0,1.0,0.0,4.0,CULTURAL
153952.48103783798,51317.49367927932,3,4,2,0.0,0.0,1.0,1.0,0.0,1.0,1.0,4.0,LUXURY
45306.99763329015,22653.498816645075,2,8,1,0.0,1.0,1.0,1.0,0.0,0.0,0.0,3.0,ADVENTURE
13429.27419359232,13429.27419359232,1,3,0,0.0,0.0,1.0,1.0,0.0,1.0,0.0,3.0,BUDGET
162557.83073026786,162557.83073026786,1,7,2,0.0,0.0,1.0,1.0,0.0,1.0,1.0,4.0,LUXURY
22094.200807498895,11047.100403749448,2,3,2,1.0,0.0,0.0,0.0,0.0,1.0,1.0,3.0,NIGHTLIFE
34275.439006844405,8568.859751711101,4,4,2,1.0,0.0,0.0,1.0,0.0,0.0,1.0,3.0,NIGHTLIFE
69871.3010803464,11645.2168467244,6,7,1,0.0,0.0,1.0,1.0,1.0,1.0,0.0,4.0,FAMILY
20419.49385670796,6806.497952235986,3,5,0,0.0,0.0,1.0,1.0,1.0,1.0,0.0,4.0,CULTURAL
9464.458818137346,9464.458818137346,1,4,0,0.0,0.0,1.0,1.0,1.0,0.0,0.0,3.0,BUDGET
26323.361480796328,26323.361480796328,1,4,0,0.0,0.0,1.0,1.0,1.0,1.0,0.0,4.0,CULTURAL
39336.16478865207,6556.027464775346,6,7,1,0.0,0.0,1.0,1.0,1.0,1.0,0.0,4.0,FAMILY
184326.1419138864,92163.0709569432,2,7,2,0.0,0.0,1.0,1.0,0.0,1.0,1.0,4.0,LUXURY
25891.81582314032,8630.605274380106,3,6,0,0.0,0.0,1.0,1.0,1.0,1.0,0.0,4.0,CULTURAL
26883.569171810374,13441.784585905187,2,3,1,1.0,0.0,0.0,1.0,0.0,0.0,1.0,3.0,NIGHTLIFE
18019.16284159159,9009.581420795796,2,3,0,0.0,0.0,1.0,1.0,0.0,1.0,0.0,3.0,BUDGET
41116.2872438115,10279.071810952875,4,8,0,0.0,1.0,1.0,1.0,0.0,0.0,0.0,3.0,ADVENTURE
214522.82143315335,107261.41071657668,2,7,2,0.0,0.0,1.0,1.0,0.0,1.0,1.0,4.0,LUXURY
68115.31040137452,34057.65520068726,2,5,1,0.0,1.0,1.0,1.0,0.0,0.0,0.0,3.0,ADVENTURE
62525.58238958579,15631.395597396448,4,5,1,0.0,0.0,1.0,1.0,1.0,1.0,0.0,4.0,FAMILY
224490.90431068203,74830.301436894,3,4,2,0.0,0.0,1.0,1.0,0.0,1.0,1.0,4.0,LUXURY
19449.043238475595,9724.521619237797,2,2,0,0.0,0.0,1.0,1.0,0.0,1.0,0.0,3.0,BUDGET
52865.75644241118,26432.87822120559,2,4,1,0.0,1.0,1.0,1.0,0.0,0.0,0.0,3.0,ADVENTURE
15762.180340024686,7881.090170012343,2,3,0,0.0,0.0,1.0,1.0,0.0,1.0,0.0,3.0,BUDGET
27809.624118259682,13904.812059129841,2,4,2,1.0,0.0,0.0,1.0,0.0,0.0,1.0,3.0,NIGHTLIFE
199954.60181332982,199954.60181332982,1,3,2,0.0,0.0,1.0,1.0,0.0,1.0,1.0,4.0,LUXURY
15790.523625392763,15790.523625392763,1,4,0,0.0,0.0,1.0,1.0,1.0,0.0,0.0,3.0,BUDGET
26024.32412873096,13012.16206436548,2,3,1,1.0,0.0,0.0,1.0,0.0,0.0,1.0,3.0,NIGHTLIFE
51571.713932787425,12892.928483196856,4,4,2,1.0,0.0,0.0,0.0,0.0,1.0,1.0,3.0,NIGHTLIFE
59217.42281081487,29608.711405407434,2,5,1,1.0,0.0,0.0,0.0,0.0,1.0,1.0,3.0,NIGHTLIFE
56665.409433648296,14166.352358412074,4,5,2,1.0,0.0,0.0,0.0,0.0,1.0,1.0,3.0,NIGHTLIFE
18931.12621392611,18931.12621392611,1,3,0,0.0,0.0,1.0,1.0,0.0,1.0,0.0,3.0,BUDGET
70534.29639931332,23511.432133104438,3,7,1,0.0,0.0,1.0,1.0,1.0,1.0,0.0,4.0,FAMILY
24049.504227408604,12024.752113704302,2,4,1,0.0,0.0,1.0,1.0,1.0,1.0,0.0,4.0,CULTURAL
19400.74360460966,9700.37180230483,2,4,0,0.0,0.0,1.0,1.0,0.0,1.0,0.0,3.0,BUDGET
19623.823327689617,19623.823327689617,1,3,0,0.0,0.0,1.0,1.0,0.0,1.0,0.0,3.0,BUDGET
149341.2334462376,74670.6167231188,2,5,2,0.0,0.0,1.0,1.0,0.0,1.0,1.0,4.0,LUXURY
9963.871314388454,9963.871314388454,1,2,0,0.0,0.0,1.0,1.0,1.0,0.0,0.0,3.0,BUDGET
56765.50657262958,18921.83552420986,3,4,1,0.0,0.0,1.0,1.0,1.0,1.0,0.0,4.0,FAMILY
59402.91890450396,14850.72972612599,4,4,1,0.0,0.0,1.0,1.0,1.0,1.0,0.0,4.0,FAMILY
243576.1947197106,81192.0649065702,3,5,2,0.0,0.0,1.0,1.0,0.0,1.0,1.0,4.0,LUXURY
54851.31403066066,13712.828507665165,4,8,1,0.0,1.0,1.0,1.0,0.0,0.0,0.0,3.0,ADVENTURE
24739.694350736023,8246.564783578675,3,5,1,1.0,0.0,0.0,1.0,0.0,0.0,1.0,3.0,NIGHTLIFE
245336.60006045527,245336.60006045527,1,5,2,0.0,0.0,1.0,1.0,0.0,1.0,1.0,4.0,LUXURY
8028.072687509339,8028.072687509339,1,3,0,0.0,0.0,1.0,1.0,0.0,1.0,0.0,3.0,BUDGET
25861.99684980638,6465.499212451595,4,4,0,0.0,1.0,1.0,1.0,0.0,0.0,0.0,3.0,ADVENTURE
17861.48764213339,8930.743821066695,2,3,0,0.0,0.0,1.0,1.0,1.0,0.0,0.0,3.0,BUDGET
53967.72200689259,17989.240668964198,3,7,2,0.0,0.0,1.0,1.0,1.0,1.0,0.0,4.0,FAMILY
34005.74231923376,5667.623719872293,6,7,1,0.0,0.0,1.0,1.0,1.0,1.0,0.0,4.0,FAMILY
123911.07295169067,123911.07295169067,1,6,2,0.0,0.0,1.0,1.0,0.0,1.0,1.0,4.0,LUXURY
205312.51037262863,102656.25518631432,2,7,2,0.0,0.0,1.0,1.0,0.0,1.0,1.0,4.0,LUXURY
58970.74496717504,9828.457494529173,6,5,2,0.0,0.0,1.0,1.0,1.0,1.0,0.0,4.0,FAMILY
29109.989444128383,7277.497361032096,4,3,2,1.0,0.0,0.0,0.0,0.0,1.0,1.0,3.0,NIGHTLIFE
34030.07568785623,6806.015137571247,5,6,1,0.0,0.0,1.0,1.0,1.0,1.0,0.0,4.0,FAMILY
64877.70823251969,16219.427058129922,4,8,1,0.0,1.0,1.0,1.0,0.0,0.0,0.0,3.0,ADVENTURE
9133.31552907114,9133.31552907114,1,4,0,0.0,0.0,1.0,1.0,1.0,0.0,0.0,3.0,BUDGET
65816.16940313412,21938.72313437804,3,6,2,0.0,0.0,1.0,1.0,1.0,1.0,0.0,4.0,FAMILY
10459.811544989852,10459.811544989852,1,4,0,0.0,0.0,1.0,1.0,0.0,1.0,0.0,3.0,BUDGET
67437.78538331372,33718.89269165686,2,8,1,0.0,1.0,1.0,1.0,0.0,0.0,0.0,3.0,ADVENTURE
134985.28536703344,44995.09512234448,3,3,2,0.0,0.0,1.0,1.0,0.0,1.0,1.0,4.0,LUXURY
44336.35743520071,11084.089358800178,4,4,2,1.0,0.0,0.0,0.0,0.0,1.0,1.0,3.0,NIGHTLIFE
108258.99154878198,108258.99154878198,1,7,2,0.0,0.0,1.0,1.0,0.0,1.0,1.0,4.0,LUXURY
67464.18563478882,11244.030939131471,6,7,2,0.0,0.0,1.0,1.0,1.0,1.0,0.0,4.0,FAMILY
68921.47143700917,22973.823812336388,3,7,1,0.0,1.0,1.0,1.0,0.0,0.0,0.0,3.0,ADVENTURE
23187.29872727847,7729.09957575949,3,5,0,0.0,0.0,1.0,1.0,1.0,1.0,0.0,4.0,CULTURAL
28042.999546295152,28042.999546295152,1,5,0,0.0,0.0,1.0,1.0,1.0,1.0,0.0,4.0,CULTURAL
35246.508920908745,11748.836306969582,3,7,1,0.0,0.0,1.0,1.0,1.0,1.0,0.0,4.0,FAMILY
38448.57108665638,19224.28554332819,2,4,1,0.0,1.0,1.0,1.0,0.0,0.0,0.0,3.0,ADVENTURE
45525.640318932725,45525.640318932725,1,6,1,0.0,0.0,1.0,1.0,1.0,1.0,0.0,4.0,CULTURAL
16357.980915511062,5452.660305170354,3,5,0,0.0,0.0,1.0,1.0,1.0,1.0,0.0,4.0,CULTURAL
50455.96774634526,16818.65591544842,3,8,0,0.0,1.0,1.0,1.0,0.0,0.0,0.0,3.0,ADVENTURE
202776.73677451987,202776.73677451987,1,4,2,0.0,0.0,1.0,1.0,0.0,1.0,1.0,4.0,LUXURY
31078.60658015923,7769.651645039808,4,5,0,0.0,1.0,1.0,1.0,0.0,0.0,0.0,3.0,ADVENTURE
235523.1654747813,117761.58273739065,2,4,2,0.0,0.0,1.0,1.0,0.0,1.0,1.0,4.0,LUXURY
31371.203638113224,31371.203638113224,1,4,1,0.0,0.0,1.0,1.0,1.0,1.0,0.0,4.0,CULTURAL
45310.81167382187,15103.603891273955,3,3,1,0.0,0.0,1.0,1.0,1.0,1.0,0.0,4.0,CULTURAL
196403.27785977078,98201.63892988539,2,7,2,0.0,0.0,1.0,1.0,0.0,1.0,1.0,4.0,LUXURY
33835.0984295143,8458.774607378575,4,3,2,1.0,0.0,0.0,1.0,0.0,0.0,1.0,3.0,NIGHTLIFE
12305.96580948203,12305.96580948203,1,3,0,0.0,0.0,1.0,1.0,1.0,0.0,0.0,3.0,BUDGET
31389.74167084381,7847.435417710953,4,5,1,0.0,1.0,1.0,1.0,0.0,0.0,0.0,3.0,ADVENTURE
51780.621779629946,17260.20725987665,3,4,2,1.0,0.0,0.0,1.0,0.0,0.0,1.0,3.0,NIGHTLIFE
14018.195536246396,14018.195536246396,1,2,0,0.0,0.0,1.0,1.0,0.0,1.0,0.0,3.0,BUDGET
27791.65436329517,6947.913590823792,4,4,1,0.0,1.0,1.0,1.0,0.0,0.0,0.0,3.0,ADVENTURE
8448.178264990573,4224.089132495286,2,4,0,0.0,0.0,1.0,1.0,0.0,1.0,0.0,3.0,BUDGET
30556.799229222688,10185.59974307423,3,5,1,0.0,0.0,1.0,1.0,1.0,1.0,0.0,4.0,CULTURAL
63841.099198108255,21280.366399369417,3,8,1,0.0,1.0,1.0,1.0,0.0,0.0,0.0,3.0,ADVENTURE
20388.713353327636,10194.356676663818,2,5,0,0.0,0.0,1.0,1.0,1.0,1.0,0.0,4.0,CULTURAL
123365.8835815045,123365.8835815045,1,3,2,0.0,0.0,1.0,1.0,0.0,1.0,1.0,4.0,LUXURY
63054.40850248041,31527.204251240204,2,7,1,0.0,1.0,1.0,1.0,0.0,0.0,0.0,3.0,ADVENTURE
40282.38586954873,10070.596467387182,4,3,2,1.0,0.0,0.0,1.0,0.0,0.0,1.0,3.0,NIGHTLIFE
65621.74797004103,16405.43699251026,4,8,0,0.0,1.0,1.0,1.0,0.0,0.0,0.0,3.0,ADVENTURE
69699.48581840031,23233.16193946677,3,7,2,0.0,0.0,1.0,1.0,1.0,1.0,0.0,4.0,FAMILY
12190.514895351931,6095.2574476759655,2,4,0,0.0,0.0,1.0,1.0,0.0,1.0,0.0,3.0,BUDGET
86981.58937436892,43490.79468718446,2,3,2,0.0,0.0,1.0,1.0,0.0,1.0,1.0,4.0,LUXURY
24788.58497912551,12394.292489562755,2,5,0,0.0,0.0,1.0,1.0,1.0,1.0,0.0,4.0,CULTURAL
67213.95327974777,22404.651093249257,3,6,1,0.0,0.0,1.0,1.0,1.0,1.0,0.0,4.0,FAMILY
34929.29768297868,17464.64884148934,2,5,0,0.0,1.0,1.0,1.0,0.0,0.0,0.0,3.0,ADVENTURE
56351.28001465368,14087.82000366342,4,7,0,0.0,1.0,1.0,1.0,0.0,0.0,0.0,3.0,ADVENTURE
198437.12793844347,66145.70931281449,3,3,2,0.0,0.0,1.0,1.0,0.0,1.0,1.0,4.0,LUXURY
43883.23222630646,14627.744075435488,3,6,0,0.0,1.0,1.0,1.0,0.0,0.0,0.0,3.0,ADVENTURE
73955.91537810823,18488.978844527057,4,7,2,0.0,0.0,1.0,1.0,1.0,1.0,0.0,4.0,FAMILY
78312.17053533992,19578.04263383498,4,7,1,0.0,0.0,1.0,1.0,1.0,1.0,0.0,4.0,FAMILY
46861.784301068416,15620.594767022805,3,8,0,0.0,1.0,1.0,1.0,0.0,0.0,0.0,3.0,ADVENTURE
83306.1685625738,41653.0842812869,2,6,2,0.0,0.0,1.0,1.0,0.0,1.0,1.0,4.0,LUXURY
25648.94173492598,8549.647244975326,3,3,2,1.0,0.0,0.0,0.0,0.0,1.0,1.0,3.0,NIGHTLIFE
237472.40707660333,118736.20353830166,2,4,2,0.0,0.0,1.0,1.0,0.0,1.0,1.0,4.0,LUXURY
70309.79405018954,17577.448512547384,4,6,2,0.0,0.0,1.0,1.0,1.0,1.0,0.0,4.0,FAMILY
23375.695221781694,5843.923805445424,4,4,1,1.0,0.0,0.0,0.0,0.0,1.0,1.0,3.0,NIGHTLIFE
25191.875924881846,25191.875924881846,1,5,0,0.0,0.0,1.0,1.0,1.0,1.0,0.0,4.0,CULTURAL
153870.26376176422,153870.26376176422,1,7,2,0.0,0.0,1.0,1.0,0.0,1.0,1.0,4.0,LUXURY
44619.78312567636,22309.89156283818,2,8,1,0.0,1.0,1.0,1.0,0.0,0.0,0.0,3.0,ADVENTURE
17917.4895932929,8958.74479664645,2,2,0,0.0,0.0,1.0,1.0,1.0,0.0,0.0,3.0,BUDGET
45201.595139199286,15067.198379733096,3,4,2,1.0,0.0,0.0,1.0,0.0,0.0,1.0,3.0,NIGHTLIFE
43900.18333366322,10975.045833415805,4,5,0,0.0,1.0,1.0,1.0,0.0,0.0,0.0,3.0,ADVENTURE
43785.99265477761,8757.198530955522,5,7,1,0.0,0.0,1.0,1.0,1.0,1.0,0.0,4.0,FAMILY
51668.81037045386,12917.202592613465,4,3,1,1.0,0.0,0.0,1.0,0.0,0.0,1.0,3.0,NIGHTLIFE
62341.95691227783,20780.652304092608,3,4,1,0.0,1.0,1.0,1.0,0.0,0.0,0.0,3.0,ADVENTURE
37385.76314666537,9346.440786666342,4,7,1,0.0,1.0,1.0,1.0,0.0,0.0,0.0,3.0,ADVENTURE
48079.36340373705,16026.45446791235,3,4,0,0.0,1.0,1.0,1.0,0.0,0.0,0.0,3.0,ADVENTURE
66257.78637755573,22085.928792518578,3,7,1,0.0,0.0,1.0,1.0,1.0,1.0,0.0,4.0,FAMILY
24390.052014972043,12195.026007486022,2,6,1,0.0,0.0,1.0,1.0,1.0,1.0,0.0,4.0,CULTURAL
52444.95079733884,13111.23769933471,4,5,2,1.0,0.0,0.0,0.0,0.0,1.0,1.0,3.0,NIGHTLIFE
58539.969635503534,19513.32321183451,3,4,1,1.0,0.0,0.0,1.0,0.0,0.0,1.0,3.0,NIGHTLIFE
120015.15452272078,120015.15452272078,1,4,2,0.0,0.0,1.0,1.0,0.0,1.0,1.0,4.0,LUXURY
29162.51970725337,7290.6299268133425,4,8,0,0.0,1.0,1.0,1.0,0.0,0.0,0.0,3.0,ADVENTURE
187460.42072566072,62486.806908553575,3,5,2,0.0,0.0,1.0,1.0,0.0,1.0,1.0,4.0,LUXURY
21347.05615497856,10673.52807748928,2,5,1,1.0,0.0,0.0,0.0,0.0,1.0,1.0,3.0,NIGHTLIFE
10984.689853163456,10984.689853163456,1,4,0,0.0,0.0,1.0,1.0,0.0,1.0,0.0,3.0,BUDGET
78356.33076295852,15671.266152591703,5,4,2,0.0,0.0,1.0,1.0,1.0,1.0,0.0,4.0,FAMILY
98141.00924740023,32713.66974913341,3,6,2,0.0,0.0,1.0,1.0,0.0,1.0,1.0,4.0,LUXURY
19842.64323920621,9921.321619603104,2,2,0,0.0,0.0,1.0,1.0,0.0,1.0,0.0,3.0,BUDGET
211265.84469469247,70421.94823156415,3,3,2,0.0,0.0,1.0,1.0,0.0,1.0,1.0,4.0,LUXURY
35171.493855489345,11723.831285163114,3,5,1,0.0,1.0,1.0,1.0,0.0,0.0,0.0,3.0,ADVENTURE
46908.11976835592,23454.05988417796,2,5,2,1.0,0.0,0.0,1.0,0.0,0.0,1.0,3.0,NIGHTLIFE
43377.95639029704,21688.97819514852,2,5,1,1.0,0.0,0.0,1.0,0.0,0.0,1.0,3.0,NIGHTLIFE
56142.27488678852,18714.091628929506,3,6,1,0.0,1.0,1.0,1.0,0.0,0.0,0.0,3.0,ADVENTURE
54545.65685186464,13636.41421296616,4,5,1,1.0,0.0,0.0,1.0,0.0,0.0,1.0,3.0,NIGHTLIFE
87853.4021442769,43926.70107213845,2,4,2,0.0,0.0,1.0,1.0,0.0,1.0,1.0,4.0,LUXURY
10436.734696817233,10436.734696817233,1,4,0,0.0,0.0,1.0,1.0,1.0,0.0,0.0,3.0,BUDGET
21557.520667506626,5389.380166876656,4,5,2,1.0,0.0,0.0,0.0,0.0,1.0,1.0,3.0,NIGHTLIFE
68991.54821552694,34495.77410776347,2,7,0,0.0,1.0,1.0,1.0,0.0,0.0,0.0,3.0,ADVENTURE
50558.843379223625,12639.710844805906,4,8,0,0.0,1.0,1.0,1.0,0.0,0.0,0.0,3.0,ADVENTURE
40014.377848622426,20007.188924311213,2,5,1,1.0,0.0,0.0,0.0,0.0,1.0,1.0,3.0,NIGHTLIFE
69604.68168802717,13920.936337605433,5,5,1,0.0,0.0,1.0,1.0,1.0,1.0,0.0,4.0,FAMILY
165702.5831261345,165702.5831261345,1,4,2,0.0,0.0,1.0,1.0,0.0,1.0,1.0,4.0,LUXURY
109305.68155787826,109305.68155787826,1,5,2,0.0,0.0,1.0,1.0,0.0,1.0,1.0,4.0,LUXURY
66095.47061896554,16523.867654741385,4,5,1,0.0,1.0,1.0,1.0,0.0,0.0,0.0,3.0,ADVENTURE
67092.01725882028,22364.005752940095,3,4,0,0.0,1.0,1.0,1.0,0.0,0.0,0.0,3.0,ADVENTURE
41789.604697960494,10447.401174490124,4,7,1,0.0,0.0,1.0,1.0,1.0,1.0,0.0,4.0,FAMILY
12249.760049517505,12249.760049517505,1,4,0,0.0,0.0,1.0,1.0,0.0,1.0,0.0,3.0,BUDGET
55758.75851668658,9293.126419447764,6,4,1,0.0,0.0,1.0,1.0,1.0,1.0,0.0,4.0,FAMILY
68425.96822618957,13685.193645237912,5,7,1,0.0,0.0,1.0,1.0,1.0,1.0,0.0,4.0,FAMILY
40133.56082846079,40133.56082846079,1,5,0,0.0,0.0,1.0,1.0,1.0,1.0,0.0,4.0,CULTURAL
34670.39859876478,11556.799532921594,3,6,2,0.0,0.0,1.0,1.0,1.0,1.0,0.0,4.0,FAMILY
178951.922291118,59650.640763706004,3,7,2,0.0,0.0,1.0,1.0,0.0,1.0,1.0,4.0,LUXURY
32679.044451040223,16339.522225520112,2,6,0,0.0,0.0,1.0,1.0,1.0,1.0,0.0,4.0,CULTURAL
14634.717068855934,14634.717068855934,1,4,0,0.0,0.0,1.0,1.0,1.0,0.0,0.0,3.0,BUDGET
63068.53055352072,10511.42175892012,6,6,2,0.0,0.0,1.0,1.0,1.0,1.0,0.0,4.0,FAMILY
166136.58444518046,83068.29222259023,2,4,2,0.0,0.0,1.0,1.0,0.0,1.0,1.0,4.0,LUXURY
58652.07144654247,14663.017861635617,4,4,1,0.0,0.0,1.0,1.0,1.0,1.0,0.0,4.0,FAMILY
26075.910178671016,26075.910178671016,1,6,0,0.0,0.0,1.0,1.0,1.0,1.0,0.0,4.0,CULTURAL
50923.56166789865,12730.890416974662,4,4,1,1.0,0.0,0.0,0.0,0.0,1.0,1.0,3.0,NIGHTLIFE
25053.447179119426,25053.447179119426,1,6,1,0.0,0.0,1.0,1.0,1.0,1.0,0.0,4.0,CULTURAL
33209.71117345621,11069.903724485404,3,3,1,1.0,0.0,0.0,0.0,0.0,1.0,1.0,3.0,NIGHTLIFE
242493.33501977782,80831.11167325928,3,3,2,0.0,0.0,1.0,1.0,0.0,1.0,1.0,4.0,LUXURY
46905.191054206836,46905.191054206836,1,5,0,0.0,0.0,1.0,1.0,1.0,1.0,0.0,4.0,CULTURAL
131833.5311454608,65916.7655727304,2,6,2,0.0,0.0,1.0,1.0,0.0,1.0,1.0,4.0,LUXURY
69564.95367071418,17391.238417678545,4,4,1,0.0,1.0,1.0,1.0,0.0,0.0,0.0,3.0,ADVENTURE
98895.64956316301,98895.64956316301,1,6,2,0.0,0.0,1.0,1.0,0.0,1.0,1.0,4.0,LUXURY
33383.41809500008,8345.85452375002,4,4,1,0.0,0.0,1.0,1.0,1.0,1.0,0.0,4.0,FAMILY
55319.75299319092,13829.93824829773,4,4,2,1.0,0.0,0.0,1.0,0.0,0.0,1.0,3.0,NIGHTLIFE
45745.97943064838,7624.329905108064,6,7,2,0.0,0.0,1.0,1.0,1.0,1.0,0.0,4.0,FAMILY
219679.0668624224,219679.0668624224,1,3,2,0.0,0.0,1.0,1.0,0.0,1.0,1.0,4.0,LUXURY
47360.2983325022,11840.07458312555,4,4,1,0.0,1.0,1.0,1.0,0.0,0.0,0.0,3.0,ADVENTURE
54442.32901284601,9073.721502141001,6,5,2,0.0,0.0,1.0,1.0,1.0,1.0,0.0,4.0,FAMILY
15635.991418230744,7817.995709115372,2,3,0,0.0,0.0,1.0,1.0,0.0,1.0,0.0,3.0,BUDGET
23834.060022975293,7944.686674325098,3,4,0,0.0,0.0,1.0,1.0,1.0,1.0,0.0,4.0,CULTURAL
55978.20850184406,27989.10425092203,2,3,1,1.0,0.0,0.0,1.0,0.0,0.0,1.0,3.0,NIGHTLIFE
27560.404184785057,27560.404184785057,1,4,1,0.0,0.0,1.0,1.0,1.0,1.0,0.0,4.0,CULTURAL
34274.167201472635,11424.722400490878,3,6,1,0.0,0.0,1.0,1.0,1.0,1.0,0.0,4.0,CULTURAL
18165.717729147076,18165.717729147076,1,4,0,0.0,0.0,1.0,1.0,0.0,1.0,0.0,3.0,BUDGET
36876.18874085077,7375.237748170153,5,5,1,0.0,0.0,1.0,1.0,1.0,1.0,0.0,4.0,FAMILY
10353.357196321434,10353.357196321434,1,2,0,0.0,0.0,1.0,1.0,0.0,1.0,0.0,3.0,BUDGET
11650.906915514453,5825.453457757227,2,2,0,0.0,0.0,1.0,1.0,0.0,1.0,0.0,3.0,BUDGET
28883.034827732823,9627.678275910941,3,5,2,1.0,0.0,0.0,1.0,0.0,0.0,1.0,3.0,NIGHTLIFE
65624.37045840289,32812.185229201445,2,8,1,0.0,1.0,1.0,1.0,0.0,0.0,0.0,3.0,ADVENTURE
83258.54087924623,27752.846959748742,3,3,2,0.0,0.0,1.0,1.0,0.0,1.0,1.0,4.0,LUXURY
30623.313318344244,15311.656659172122,2,3,1,1.0,0.0,0.0,0.0,0.0,1.0,1.0,3.0,NIGHTLIFE
33620.813607317075,11206.937869105692,3,4,1,0.0,0.0,1.0,1.0,1.0,1.0,0.0,4.0,FAMILY
9281.072791230612,9281.072791230612,1,3,0,0.0,0.0,1.0,1.0,0.0,1.0,0.0,3.0,BUDGET
10840.222324184944,10840.222324184944,1,2,0,0.0,0.0,1.0,1.0,1.0,0.0,0.0,3.0,BUDGET
74704.96018395672,14940.992036791344,5,5,1,0.0,0.0,1.0,1.0,1.0,1.0,0.0,4.0,FAMILY
60309.43567805858,12061.887135611716,5,5,1,0.0,0.0,1.0,1.0,1.0,1.0,0.0,4.0,FAMILY
54779.99796122374,27389.99898061187,2,6,0,0.0,1.0,1.0,1.0,0.0,0.0,0.0,3.0,ADVENTURE
42904.2893152809,14301.429771760299,3,4,2,1.0,0.0,0.0,1.0,0.0,0.0,1.0,3.0,NIGHTLIFE
43080.6910799241,21540.34553996205,2,4,0,0.0,1.0,1.0,1.0,0.0,0.0,0.0,3.0,ADVENTURE
51468.33362829236,17156.111209430786,3,3,2,1.0,0.0,0.0,1.0,0.0,0.0,1.0,3.0,NIGHTLIFE
16848.906286801088,5616.302095600363,3,3,1,0.0,0.0,1.0,1.0,1.0,1.0,0.0,4.0,CULTURAL
182551.72185628506,182551.72185628506,1,6,2,0.0,0.0,1.0,1.0,0.0,1.0,1.0,4.0,LUXURY
162489.17748011055,162489.17748011055,1,7,2,0.0,0.0,1.0,1.0,0.0,1.0,1.0,4.0,LUXURY
205552.8290774838,205552.8290774838,1,7,2,0.0,0.0,1.0,1.0,0.0,1.0,1.0,4.0,LUXURY
58955.62125425815,19651.87375141938,3,5,0,0.0,1.0,1.0,1.0,0.0,0.0,0.0,3.0,ADVENTURE
42357.24059051237,14119.080196837456,3,5,0,0.0,0.0,1.0,1.0,1.0,1.0,0.0,4.0,CULTURAL
18077.466313478846,18077.466313478846,1,2,0,0.0,0.0,1.0,1.0,0.0,1.0,0.0,3.0,BUDGET
31229.345822940075,6245.869164588015,5,4,1,0.0,0.0,1.0,1.0,1.0,1.0,0.0,4.0,FAMILY
64511.50807800057,21503.83602600019,3,8,0,0.0,1.0,1.0,1.0,0.0,0.0,0.0,3.0,ADVENTURE
58533.077291632646,19511.025763877547,3,6,0,0.0,1.0,1.0,1.0,0.0,0.0,0.0,3.0,ADVENTURE
48360.54897148127,16120.182990493757,3,3,1,1.0,0.0,0.0,1.0,0.0,0.0,1.0,3.0,NIGHTLIFE
183395.93405029594,183395.93405029594,1,4,2,0.0,0.0,1.0,1.0,0.0,1.0,1.0,4.0,LUXURY
64806.40997033262,16201.602492583155,4,7,0,0.0,1.0,1.0,1.0,0.0,0.0,0.0,3.0,ADVENTURE
11369.268349290269,11369.268349290269,1,2,0,0.0,0.0,1.0,1.0,0.0,1.0,0.0,3.0,BUDGET
32215.37376710224,16107.68688355112,2,6,0,0.0,0.0,1.0,1.0,1.0,1.0,0.0,4.0,CULTURAL
54383.353431063224,13595.838357765806,4,7,1,0.0,0.0,1.0,1.0,1.0,1.0,0.0,4.0,FAMILY
32849.4777759724,32849.4777759724,1,3,0,0.0,0.0,1.0,1.0,1.0,1.0,0.0,4.0,CULTURAL
11610.539717801235,11610.539717801235,1,2,0,0.0,0.0,1.0,1.0,1.0,0.0,0.0,3.0,BUDGET
234500.50461186658,78166.83487062219,3,6,2,0.0,0.0,1.0,1.0,0.0,1.0,1.0,4.0,LUXURY
35678.55562134277,11892.851873780923,3,6,0,0.0,0.0,1.0,1.0,1.0,1.0,0.0,4.0,CULTURAL
95525.3748367047,31841.791612234898,3,4,2,0.0,0.0,1.0,1.0,0.0,1.0,1.0,4.0,LUXURY
12785.850817337534,12785.850817337534,1,3,0,0.0,0.0,1.0,1.0,1.0,0.0,0.0,3.0,BUDGET
47637.63835840839,47637.63835840839,1,5,0,0.0,0.0,1.0,1.0,1.0,1.0,0.0,4.0,CULTURAL
49082.270464615605,12270.567616153901,4,3,1,1.0,0.0,0.0,1.0,0.0,0.0,1.0,3.0,NIGHTLIFE
230490.6093802861,230490.6093802861,1,6,2,0.0,0.0,1.0,1.0,0.0,1.0,1.0,4.0,LUXURY
35201.079343371566,8800.269835842892,4,8,0,0.0,1.0,1.0,1.0,0.0,0.0,0.0,3.0,ADVENTURE
27174.587280488417,9058.195760162806,3,4,1,1.0,0.0,0.0,1.0,0.0,0.0,1.0,3.0,NIGHTLIFE
66071.10336643658,13214.220673287316,5,7,2,0.0,0.0,1.0,1.0,1.0,1.0,0.0,4.0,FAMILY
101348.95746072731,101348.95746072731,1,4,2,0.0,0.0,1.0,1.0,0.0,1.0,1.0,4.0,LUXURY
17064.33692381183,8532.168461905914,2,3,0,0.0,0.0,1.0,1.0,0.0,1.0,0.0,3.0,BUDGET
235599.28986447657,78533.0966214922,3,3,2,0.0,0.0,1.0,1.0,0.0,1.0,1.0,4.0,LUXURY
177369.29060236475,88684.64530118238,2,3,2,0.0,0.0,1.0,1.0,0.0,1.0,1.0,4.0,LUXURY
9717.535826581636,4858.767913290818,2,3,0,0.0,0.0,1.0,1.0,0.0,1.0,0.0,3.0,BUDGET
67635.83197788206,13527.166395576412,5,4,2,0.0,0.0,1.0,1.0,1.0,1.0,0.0,4.0,FAMILY
27502.248475620727,6875.562118905182,4,6,1,0.0,1.0,1.0,1.0,0.0,0.0,0.0,3.0,ADVENTURE
66170.23828061431,22056.746093538106,3,7,1,0.0,0.0,1.0,1.0,1.0,1.0,0.0,4.0,FAMILY
13393.40808965844,13393.40808965844,1,4,0,0.0,0.0,1.0,1.0,1.0,0.0,0.0,3.0,BUDGET
43822.084529169806,7303.680754861634,6,6,1,0.0,0.0,1.0,1.0,1.0,1.0,0.0,4.0,FAMILY
46265.24294831504,15421.747649438346,3,3,2,1.0,0.0,0.0,1.0,0.0,0.0,1.0,3.0,NIGHTLIFE
59558.64901278242,14889.662253195605,4,8,1,0.0,1.0,1.0,1.0,0.0,0.0,0.0,3.0,ADVENTURE
19394.247483891704,9697.123741945852,2,3,0,0.0,0.0,1.0,1.0,0.0,1.0,0.0,3.0,BUDGET
137599.99201187724,68799.99600593862,2,5,2,0.0,0.0,1.0,1.0,0.0,1.0,1.0,4.0,LUXURY
43227.9633821714,14409.321127390467,3,5,2,1.0,0.0,0.0,1.0,0.0,0.0,1.0,3.0,NIGHTLIFE
12904.810053177156,12904.810053177156,1,4,0,0.0,0.0,1.0,1.0,0.0,1.0,0.0,3.0,BUDGET
42844.19238228574,14281.397460761915,3,4,1,0.0,0.0,1.0,1.0,1.0,1.0,0.0,4.0,FAMILY
27268.93172912626,6817.232932281565,4,3,1,1.0,0.0,0.0,0.0,0.0,1.0,1.0,3.0,NIGHTLIFE
131471.7718062344,43823.92393541147,3,3,2,0.0,0.0,1.0,1.0,0.0,1.0,1.0,4.0,LUXURY
17286.01427841608,17286.01427841608,1,3,0,0.0,0.0,1.0,1.0,1.0,0.0,0.0,3.0,BUDGET
12532.746634115538,12532.746634115538,1,3,0,0.0,0.0,1.0,1.0,0.0,1.0,0.0,3.0,BUDGET
216869.86472375022,108434.93236187511,2,6,2,0.0,0.0,1.0,1.0,0.0,1.0,1.0,4.0,LUXURY
30562.47938774875,10187.493129249584,3,5,2,1.0,0.0,0.0,0.0,0.0,1.0,1.0,3.0,NIGHTLIFE
91782.32141651012,91782.32141651012,1,4,2,0.0,0.0,1.0,1.0,0.0,1.0,1.0,4.0,LUXURY
25114.672048896704,8371.557349632234,3,3,1,1.0,0.0,0.0,0.0,0.0,1.0,1.0,3.0,NIGHTLIFE
33102.086607205296,16551.043303602648,2,4,1,1.0,0.0,0.0,1.0,0.0,0.0,1.0,3.0,NIGHTLIFE
9094.473236584285,4547.236618292142,2,3,0,0.0,0.0,1.0,1.0,1.0,0.0,0.0,3.0,BUDGET
39388.44379334627,19694.221896673134,2,8,0,0.0,1.0,1.0,1.0,0.0,0.0,0.0,3.0,ADVENTURE
32644.266748201433,8161.066687050358,4,6,1,0.0,1.0,1.0,1.0,0.0,0.0,0.0,3.0,ADVENTURE
44220.19066463506,11055.047666158765,4,3,2,1.0,0.0,0.0,1.0,0.0,0.0,1.0,3.0,NIGHTLIFE
173978.52887211935,86989.26443605968,2,5,2,0.0,0.0,1.0,1.0,0.0,1.0,1.0,4.0,LUXURY
46614.576778361996,46614.576778361996,1,3,1,0.0,0.0,1.0,1.0,1.0,1.0,0.0,4.0,CULTURAL
92732.29314033723,92732.29314033723,1,6,2,0.0,0.0,1.0,1.0,0.0,1.0,1.0,4.0,LUXURY
17038.324078709633,8519.162039354816,2,6,1,0.0,0.0,1.0,1.0,1.0,1.0,0.0,4.0,CULTURAL
47602.16354216241,47602.16354216241,1,5,0,0.0,0.0,1.0,1.0,1.0,1.0,0.0,4.0,CULTURAL
204954.4453478668,204954.4453478668,1,4,2,0.0,0.0,1.0,1.0,0.0,1.0,1.0,4.0,LUXURY
155601.17206591708,77800.58603295854,2,6,2,0.0,0.0,1.0,1.0,0.0,1.0,1.0,4.0,LUXURY
29175.038450564192,14587.519225282096,2,3,0,0.0,0.0,1.0,1.0,1.0,1.0,0.0,4.0,CULTURAL
28378.3062005072,28378.3062005072,1,3,1,0.0,0.0,1.0,1.0,1.0,1.0,0.0,4.0,CULTURAL
31452.791650490162,15726.395825245081,2,5,1,0.0,1.0,1.0,1.0,0.0,0.0,0.0,3.0,ADVENTURE
114214.84398286032,57107.42199143016,2,3,2,0.0,0.0,1.0,1.0,0.0,1.0,1.0,4.0,LUXURY
229207.6704007342,114603.8352003671,2,3,2,0.0,0.0,1.0,1.0,0.0,1.0,1.0,4.0,LUXURY
22412.935245852594,11206.467622926297,2,3,1,0.0,0.0,1.0,1.0,1.0,1.0,0.0,4.0,CULTURAL
59092.316319660145,14773.079079915036,4,3,2,1.0,0.0,0.0,1.0,0.0,0.0,1.0,3.0,NIGHTLIFE
44233.5421055603,22116.77105278015,2,6,0,0.0,0.0,1.0,1.0,1.0,1.0,0.0,4.0,CULTURAL
11224.128312619352,5612.064156309676,2,3,0,0.0,0.0,1.0,1.0,1.0,0.0,0.0,3.0,BUDGET
226844.23590405055,226844.23590405055,1,5,2,0.0,0.0,1.0,1.0,0.0,1.0,1.0,4.0,LUXURY
49068.80020026152,49068.80020026152,1,5,1,0.0,0.0,1.0,1.0,1.0,1.0,0.0,4.0,CULTURAL
89283.75154628974,89283.75154628974,1,7,2,0.0,0.0,1.0,1.0,0.0,1.0,1.0,4.0,LUXURY
8658.5913757577,8658.5913757577,1,3,0,0.0,0.0,1.0,1.0,1.0,0.0,0.0,3.0,BUDGET
51935.334694799196,12983.833673699799,4,6,1,0.0,1.0,1.0,1.0,0.0,0.0,0.0,3.0,ADVENTURE
48092.87870269162,24046.43935134581,2,8,0,0.0,1.0,1.0,1.0,0.0,0.0,0.0,3.0,ADVENTURE
15038.425215929108,7519.212607964554,2,4,0,0.0,0.0,1.0,1.0,0.0,1.0,0.0,3.0,BUDGET
63835.40707302521,21278.46902434174,3,7,0,0.0,1.0,1.0,1.0,0.0,0.0,0.0,3.0,ADVENTURE
59247.11347049178,14811.778367622945,4,3,1,1.0,0.0,0.0,0.0,0.0,1.0,1.0,3.0,NIGHTLIFE
28067.36063611411,28067.36063611411,1,3,1,0.0,0.0,1.0,1.0,1.0,1.0,0.0,4.0,CULTURAL
18978.1508128172,18978.1508128172,1,2,0,0.0,0.0,1.0,1.0,1.0,0.0,0.0,3.0,BUDGET
39535.39434832642,13178.464782775474,3,5,0,0.0,0.0,1.0,1.0,1.0,1.0,0.0,4.0,CULTURAL
37701.811168581975,9425.452792145494,4,6,0,0.0,1.0,1.0,1.0,0.0,0.0,0.0,3.0,ADVENTURE
58923.12651889332,14730.78162972333,4,5,2,1.0,0.0,0.0,0.0,0.0,1.0,1.0,3.0,NIGHTLIFE
56207.95853630811,14051.989634077028,4,5,1,0.0,0.0,1.0,1.0,1.0,1.0,0.0,4.0,FAMILY
43742.437415151435,10935.609353787859,4,4,2,1.0,0.0,0.0,1.0,0.0,0.0,1.0,3.0,NIGHTLIFE
10956.824398869281,10956.824398869281,1,3,0,0.0,0.0,1.0,1.0,1.0,0.0,0.0,3.0,BUDGET
39593.366235937145,6598.894372656191,6,4,2,0.0,0.0,1.0,1.0,1.0,1.0,0.0,4.0,FAMILY
111519.50456358923,37173.16818786308,3,6,2,0.0,0.0,1.0,1.0,0.0,1.0,1.0,4.0,LUXURY
50248.544558007074,12562.136139501768,4,3,2,1.0,0.0,0.0,1.0,0.0,0.0,1.0,3.0,NIGHTLIFE
26361.000149610452,6590.250037402613,4,5,1,1.0,0.0,0.0,1.0,0.0,0.0,1.0,3.0,NIGHTLIFE
113845.88138910737,113845.88138910737,1,7,2,0.0,0.0,1.0,1.0,0.0,1.0,1.0,4.0,LUXURY
47150.45418320837,23575.227091604185,2,7,0,0.0,1.0,1.0,1.0,0.0,0.0,0.0,3.0,ADVENTURE
43287.94986376455,14429.316621254851,3,5,1,1.0,0.0,0.0,1.0,0.0,0.0,1.0,3.0,NIGHTLIFE
60032.553327417794,12006.510665483558,5,4,1,0.0,0.0,1.0,1.0,1.0,1.0,0.0,4.0,FAMILY
20318.576189818046,5079.644047454512,4,4,1,1.0,0.0,0.0,0.0,0.0,1.0,1.0,3.0,NIGHTLIFE
103522.5941509923,51761.29707549615,2,6,2,0.0,0.0,1.0,1.0,0.0,1.0,1.0,4.0,LUXURY
30741.35024270429,10247.116747568098,3,4,2,1.0,0.0,0.0,1.0,0.0,0.0,1.0,3.0,NIGHTLIFE
31226.721762425048,7806.680440606262,4,5,0,0.0,1.0,1.0,1.0,0.0,0.0,0.0,3.0,ADVENTURE
133672.59206098306,66836.29603049153,2,7,2,0.0,0.0,1.0,1.0,0.0,1.0,1.0,4.0,LUXURY
92034.54412189966,46017.27206094983,2,4,2,0.0,0.0,1.0,1.0,0.0,1.0,1.0,4.0,LUXURY
12782.056812768482,6391.028406384241,2,3,0,0.0,0.0,1.0,1.0,1.0,0.0,0.0,3.0,BUDGET
30169.255349947824,7542.313837486956,4,3,1,1.0,0.0,0.0,0.0,0.0,1.0,1.0,3.0,NIGHTLIFE
220486.35297209438,220486.35297209438,1,4,2,0.0,0.0,1.0,1.0,0.0,1.0,1.0,4.0,LUXURY
59614.47127993488,19871.49042664496,3,5,2,1.0,0.0,0.0,0.0,0.0,1.0,1.0,3.0,NIGHTLIFE
15168.9572260437,7584.47861302185,2,2,0,0.0,0.0,1.0,1.0,1.0,0.0,0.0,3.0,BUDGET
37310.6751839705,9327.668795992626,4,4,1,1.0,0.0,0.0,0.0,0.0,1.0,1.0,3.0,NIGHTLIFE
31209.58819456776,7802.39704864194,4,5,1,0.0,0.0,1.0,1.0,1.0,1.0,0.0,4.0,FAMILY
53068.294389659495,26534.147194829748,2,3,1,1.0,0.0,0.0,0.0,0.0,1.0,1.0,3.0,NIGHTLIFE
50376.380504003064,25188.190252001532,2,5,1,0.0,1.0,1.0,1.0,0.0,0.0,0.0,3.0,ADVENTURE
54467.63615149381,27233.818075746905,2,4,1,1.0,0.0,0.0,0.0,0.0,1.0,1.0,3.0,NIGHTLIFE
67745.48507107342,22581.82835702447,3,7,0,0.0,1.0,1.0,1.0,0.0,0.0,0.0,3.0,ADVENTURE
21455.231670449273,10727.615835224637,2,6,0,0.0,0.0,1.0,1.0,1.0,1.0,0.0,4.0,CULTURAL
15547.314161358609,15547.314161358609,1,2,0,0.0,0.0,1.0,1.0,1.0,0.0,0.0,3.0,BUDGET
18738.73475373967,9369.367376869835,2,6,0,0.0,0.0,1.0,1.0,1.0,1.0,0.0,4.0,CULTURAL
225031.78922474023,112515.89461237012,2,5,2,0.0,0.0,1.0,1.0,0.0,1.0,1.0,4.0,LUXURY
169598.52660373584,169598.52660373584,1,4,2,0.0,0.0,1.0,1.0,0.0,1.0,1.0,4.0,LUXURY
49889.724949850395,49889.724949850395,1,4,1,0.0,0.0,1.0,1.0,1.0,1.0,0.0,4.0,CULTURAL
94753.10219104838,94753.10219104838,1,4,2,0.0,0.0,1.0,1.0,0.0,1.0,1.0,4.0,LUXURY
18533.168857261422,18533.168857261422,1,6,1,0.0,0.0,1.0,1.0,1.0,1.0,0.0,4.0,CULTURAL
45578.73120962621,45578.73120962621,1,4,0,0.0,0.0,1.0,1.0,1.0,1.0,0.0,4.0,CULTURAL
35596.79635107652,7119.359270215304,5,5,2,0.0,0.0,1.0,1.0,1.0,1.0,0.0,4.0,FAMILY
59412.15329149142,29706.07664574571,2,5,2,1.0,0.0,0.0,0.0,0.0,1.0,1.0,3.0,NIGHTLIFE
158260.41343292058,79130.20671646029,2,5,2,0.0,0.0,1.0,1.0,0.0,1.0,1.0,4.0,LUXURY
50384.45714799186,12596.114286997965,4,3,1,1.0,0.0,0.0,0.0,0.0,1.0,1.0,3.0,NIGHTLIFE
69478.94472835664,17369.73618208916,4,5,1,0.0,1.0,1.0,1.0,0.0,0.0,0.0,3.0,ADVENTURE
14170.81326096334,7085.40663048167,2,2,0,0.0,0.0,1.0,1.0,1.0,0.0,0.0,3.0,BUDGET
123771.42594443323,123771.42594443323,1,4,2,0.0,0.0,1.0,1.0,0.0,1.0,1.0,4.0,LUXURY
29806.031680106364,7451.507920026591,4,5,0,0.0,1.0,1.0,1.0,0.0,0.0,0.0,3.0,ADVENTURE
41336.51914617553,13778.839715391843,3,7,1,0.0,0.0,1.0,1.0,1.0,1.0,0.0,4.0,FAMILY
74122.97202280498,24707.657340934995,3,7,1,0.0,0.0,1.0,1.0,1.0,1.0,0.0,4.0,FAMILY
63765.055870959586,15941.263967739897,4,6,1,0.0,1.0,1.0,1.0,0.0,0.0,0.0,3.0,ADVENTURE
15904.32357942734,7952.16178971367,2,4,0,0.0,0.0,1.0,1.0,0.0,1.0,0.0,3.0,BUDGET
38507.02420261574,12835.674734205248,3,5,1,1.0,0.0,0.0,1.0,0.0,0.0,1.0,3.0,NIGHTLIFE
17184.275372794888,8592.137686397444,2,2,0,0.0,0.0,1.0,1.0,0.0,1.0,0.0,3.0,BUDGET
186819.00998340556,186819.00998340556,1,7,2,0.0,0.0,1.0,1.0,0.0,1.0,1.0,4.0,LUXURY
40048.05305449369,10012.013263623423,4,7,0,0.0,1.0,1.0,1.0,0.0,0.0,0.0,3.0,ADVENTURE
57776.68844528407,28888.344222642034,2,6,1,0.0,1.0,1.0,1.0,0.0,0.0,0.0,3.0,ADVENTURE
36033.501824912404,12011.167274970801,3,6,1,0.0,0.0,1.0,1.0,1.0,1.0,0.0,4.0,CULTURAL
9172.065368076606,4586.032684038303,2,4,0,0.0,0.0,1.0,1.0,0.0,1.0,0.0,3.0,BUDGET
22288.113301287507,7429.371100429169,3,3,1,0.0,0.0,1.0,1.0,1.0,1.0,0.0,4.0,CULTURAL
18105.096980224516,18105.096980224516,1,2,0,0.0,0.0,1.0,1.0,0.0,1.0,0.0,3.0,BUDGET
27662.96823385938,6915.742058464845,4,7,0,0.0,1.0,1.0,1.0,0.0,0.0,0.0,3.0,ADVENTURE
90863.16014822356,90863.16014822356,1,4,2,0.0,0.0,1.0,1.0,0.0,1.0,1.0,4.0,LUXURY
42850.41879748389,21425.209398741947,2,4,2,1.0,0.0,0.0,1.0,0.0,0.0,1.0,3.0,NIGHTLIFE
33152.7332882509,8288.183322062725,4,5,1,0.0,1.0,1.0,1.0,0.0,0.0,0.0,3.0,ADVENTURE
53354.190708774855,17784.730236258285,3,7,1,0.0,1.0,1.0,1.0,0.0,0.0,0.0,3.0,ADVENTURE
40903.063973469805,13634.354657823269,3,3,1,1.0,0.0,0.0,1.0,0.0,0.0,1.0,3.0,NIGHTLIFE
66541.47374354381,22180.49124784794,3,7,1,0.0,0.0,1.0,1.0,1.0,1.0,0.0,4.0,FAMILY
55305.37774233754,11061.075548467508,5,7,1,0.0,0.0,1.0,1.0,1.0,1.0,0.0,4.0,FAMILY
12977.834028051982,12977.834028051982,1,2,0,0.0,0.0,1.0,1.0,0.0,1.0,0.0,3.0,BUDGET
35346.23569037687,35346.23569037687,1,3,0,0.0,0.0,1.0,1.0,1.0,1.0,0.0,4.0,CULTURAL
18157.427500814218,9078.713750407109,2,4,0,0.0,0.0,1.0,1.0,1.0,0.0,0.0,3.0,BUDGET
51501.96343435117,25750.981717175586,2,3,1,1.0,0.0,0.0,1.0,0.0,0.0,1.0,3.0,NIGHTLIFE
87054.54533668408,87054.54533668408,1,3,2,0.0,0.0,1.0,1.0,0.0,1.0,1.0,4.0,LUXURY
200523.92541104218,66841.30847034739,3,6,2,0.0,0.0,1.0,1.0,0.0,1.0,1.0,4.0,LUXURY
38633.03012892499,9658.257532231248,4,5,2,1.0,0.0,0.0,0.0,0.0,1.0,1.0,3.0,NIGHTLIFE
70787.43217521404,11797.905362535674,6,7,1,0.0,0.0,1.0,1.0,1.0,1.0,0.0,4.0,FAMILY
19951.17490436395,9975.587452181975,2,2,0,0.0,0.0,1.0,1.0,1.0,0.0,0.0,3.0,BUDGET
44069.548028876336,7344.924671479389,6,6,1,0.0,0.0,1.0,1.0,1.0,1.0,0.0,4.0,FAMILY
30396.199169713313,15198.099584856656,2,5,2,1.0,0.0,0.0,1.0,0.0,0.0,1.0,3.0,NIGHTLIFE
224738.97714155057,224738.97714155057,1,5,2,0.0,0.0,1.0,1.0,0.0,1.0,1.0,4.0,LUXURY
69191.6276709431,13838.32553418862,5,6,2,0.0,0.0,1.0,1.0,1.0,1.0,0.0,4.0,FAMILY
47033.983421441466,23516.991710720733,2,7,1,0.0,1.0,1.0,1.0,0.0,0.0,0.0,3.0,ADVENTURE
44335.30135098166,14778.433783660554,3,6,0,0.0,1.0,1.0,1.0,0.0,0.0,0.0,3.0,ADVENTURE
75294.55523938802,12549.092539898003,6,7,1,0.0,0.0,1.0,1.0,1.0,1.0,0.0,4.0,FAMILY
59802.147150201235,29901.073575100618,2,4,1,0.0,1.0,1.0,1.0,0.0,0.0,0.0,3.0,ADVENTURE
14473.895508504047,14473.895508504047,1,3,0,0.0,0.0,1.0,1.0,1.0,0.0,0.0,3.0,BUDGET
31001.317796291223,5166.88629938187,6,7,1,0.0,0.0,1.0,1.0,1.0,1.0,0.0,4.0,FAMILY
20634.455109058115,20634.455109058115,1,3,0,0.0,0.0,1.0,1.0,1.0,1.0,0.0,4.0,CULTURAL
27740.5869894772,6935.1467473693,4,5,1,0.0,1.0,1.0,1.0,0.0,0.0,0.0,3.0,ADVENTURE
39329.193558101855,13109.731186033952,3,5,0,0.0,0.0,1.0,1.0,1.0,1.0,0.0,4.0,CULTURAL
47530.96943120948,23765.48471560474,2,4,1,1.0,0.0,0.0,1.0,0.0,0.0,1.0,3.0,NIGHTLIFE
34131.52288822849,11377.174296076162,3,3,0,0.0,0.0,1.0,1.0,1.0,1.0,0.0,4.0,CULTURAL
27959.68555837747,6989.921389594368,4,4,1,1.0,0.0,0.0,1.0,0.0,0.0,1.0,3.0,NIGHTLIFE
30206.559318113596,15103.279659056798,2,7,0,0.0,1.0,1.0,1.0,0.0,0.0,0.0,3.0,ADVENTURE
58513.15275231445,29256.576376157223,2,8,1,0.0,1.0,1.0,1.0,0.0,0.0,0.0,3.0,ADVENTURE
48415.47652534242,16138.49217511414,3,7,1,0.0,0.0,1.0,1.0,1.0,1.0,0.0,4.0,FAMILY
19414.818030565322,9707.409015282661,2,4,1,0.0,0.0,1.0,1.0,1.0,1.0,0.0,4.0,CULTURAL
17007.3770196903,8503.68850984515,2,4,0,0.0,0.0,1.0,1.0,1.0,0.0,0.0,3.0,BUDGET
27700.30359482862,9233.43453160954,3,6,0,0.0,0.0,1.0,1.0,1.0,1.0,0.0,4.0,CULTURAL
199737.00371272067,99868.50185636034,2,7,2,0.0,0.0,1.0,1.0,0.0,1.0,1.0,4.0,LUXURY
78106.0986296025,13017.683104933749,6,4,1,0.0,0.0,1.0,1.0,1.0,1.0,0.0,4.0,FAMILY
50211.98648221046,10042.397296442092,5,6,1,0.0,0.0,1.0,1.0,1.0,1.0,0.0,4.0,FAMILY
42060.07287997707,14020.02429332569,3,4,1,0.0,0.0,1.0,1.0,1.0,1.0,0.0,4.0,FAMILY
55289.145891004766,18429.71529700159,3,5,0,0.0,1.0,1.0,1.0,0.0,0.0,0.0,3.0,ADVENTURE
9840.216837392962,9840.216837392962,1,3,0,0.0,0.0,1.0,1.0,0.0,1.0,0.0,3.0,BUDGET
44815.40602279951,11203.851505699877,4,4,1,0.0,0.0,1.0,1.0,1.0,1.0,0.0,4.0,FAMILY
11354.724101561103,5677.362050780552,2,4,0,0.0,0.0,1.0,1.0,0.0,1.0,0.0,3.0,BUDGET
192579.46691603083,96289.73345801541,2,6,2,0.0,0.0,1.0,1.0,0.0,1.0,1.0,4.0,LUXURY
30963.483433190708,15481.741716595354,2,3,0,0.0,0.0,1.0,1.0,1.0,1.0,0.0,4.0,CULTURAL
14905.690134510547,7452.8450672552735,2,4,0,0.0,0.0,1.0,1.0,0.0,1.0,0.0,3.0,BUDGET
52466.987289324745,13116.746822331186,4,8,1,0.0,1.0,1.0,1.0,0.0,0.0,0.0,3.0,ADVENTURE
39066.911120873505,9766.727780218376,4,8,0,0.0,1.0,1.0,1.0,0.0,0.0,0.0,3.0,ADVENTURE
182383.57140413372,91191.78570206686,2,7,2,0.0,0.0,1.0,1.0,0.0,1.0,1.0,4.0,LUXURY
45370.31034817823,22685.155174089115,2,6,0,0.0,0.0,1.0,1.0,1.0,1.0,0.0,4.0,CULTURAL
214117.59407130952,71372.53135710317,3,5,2,0.0,0.0,1.0,1.0,0.0,1.0,1.0,4.0,LUXURY
52380.14701601085,13095.036754002713,4,7,1,0.0,0.0,1.0,1.0,1.0,1.0,0.0,4.0,FAMILY
56372.36614620912,28186.18307310456,2,6,1,0.0,1.0,1.0,1.0,0.0,0.0,0.0,3.0,ADVENTURE
219455.09498502416,219455.09498502416,1,6,2,0.0,0.0,1.0,1.0,0.0,1.0,1.0,4.0,LUXURY
10174.796793987922,10174.796793987922,1,2,0,0.0,0.0,1.0,1.0,0.0,1.0,0.0,3.0,BUDGET
119371.83420986282,119371.83420986282,1,4,2,0.0,0.0,1.0,1.0,0.0,1.0,1.0,4.0,LUXURY
30527.601207950032,15263.800603975016,2,3,0,0.0,0.0,1.0,1.0,1.0,1.0,0.0,4.0,CULTURAL
63680.03786130716,31840.01893065358,2,6,0,0.0,1.0,1.0,1.0,0.0,0.0,0.0,3.0,ADVENTURE
41229.49421147344,13743.164737157813,3,5,1,1.0,0.0,0.0,1.0,0.0,0.0,1.0,3.0,NIGHTLIFE
34350.25394327612,11450.084647758706,3,8,1,0.0,1.0,1.0,1.0,0.0,0.0,0.0,3.0,ADVENTURE
32034.263681898738,10678.087893966245,3,6,0,0.0,1.0,1.0,1.0,0.0,0.0,0.0,3.0,ADVENTURE
15076.445000003707,7538.222500001853,2,4,1,0.0,0.0,1.0,1.0,1.0,1.0,0.0,4.0,CULTURAL
127452.18003162585,42484.06001054195,3,3,2,0.0,0.0,1.0,1.0,0.0,1.0,1.0,4.0,LUXURY
237889.7816049337,118944.89080246685,2,7,2,0.0,0.0,1.0,1.0,0.0,1.0,1.0,4.0,LUXURY
9040.462542346204,4520.231271173102,2,4,0,0.0,0.0,1.0,1.0,0.0,1.0,0.0,3.0,BUDGET
18268.35761727543,18268.35761727543,1,2,0,0.0,0.0,1.0,1.0,0.0,1.0,0.0,3.0,BUDGET
88433.00441941207,29477.668139804024,3,5,2,0.0,0.0,1.0,1.0,0.0,1.0,1.0,4.0,LUXURY
25109.379506712972,25109.379506712972,1,4,0,0.0,0.0,1.0,1.0,1.0,1.0,0.0,4.0,CULTURAL
22690.236558694713,5672.559139673678,4,5,1,1.0,0.0,0.0,0.0,0.0,1.0,1.0,3.0,NIGHTLIFE
40718.42110850316,20359.21055425158,2,4,2,1.0,0.0,0.0,1.0,0.0,0.0,1.0,3.0,NIGHTLIFE
61980.27805888409,12396.055611776817,5,6,1,0.0,0.0,1.0,1.0,1.0,1.0,0.0,4.0,FAMILY
69720.27889201774,23240.092964005915,3,4,0,0.0,1.0,1.0,1.0,0.0,0.0,0.0,3.0,ADVENTURE
8325.151910041803,8325.151910041803,1,4,0,0.0,0.0,1.0,1.0,0.0,1.0,0.0,3.0,BUDGET
40359.33906775234,13453.113022584113,3,4,1,0.0,1.0,1.0,1.0,0.0,0.0,0.0,3.0,ADVENTURE
14778.093599151398,7389.046799575699,2,2,0,0.0,0.0,1.0,1.0,0.0,1.0,0.0,3.0,BUDGET
102680.7770389452,51340.3885194726,2,3,2,0.0,0.0,1.0,1.0,0.0,1.0,1.0,4.0,LUXURY
8780.619115823354,4390.309557911677,2,2,0,0.0,0.0,1.0,1.0,0.0,1.0,0.0,3.0,BUDGET
31812.05910287331,7953.014775718328,4,4,1,1.0,0.0,0.0,1.0,0.0,0.0,1.0,3.0,NIGHTLIFE
10850.07765550964,10850.07765550964,1,4,0,0.0,0.0,1.0,1.0,0.0,1.0,0.0,3.0,BUDGET
9852.352583290427,4926.1762916452135,2,2,0,0.0,0.0,1.0,1.0,1.0,0.0,0.0,3.0,BUDGET
108859.06423678051,54429.532118390256,2,7,2,0.0,0.0,1.0,1.0,0.0,1.0,1.0,4.0,LUXURY
104923.41106120053,34974.47035373351,3,4,2,0.0,0.0,1.0,1.0,0.0,1.0,1.0,4.0,LUXURY
23994.672845447127,7998.224281815709,3,4,1,1.0,0.0,0.0,0.0,0.0,1.0,1.0,3.0,NIGHTLIFE
10908.916788980963,10908.916788980963,1,2,0,0.0,0.0,1.0,1.0,0.0,1.0,0.0,3.0,BUDGET
39656.72710114227,9914.181775285568,4,3,2,1.0,0.0,0.0,1.0,0.0,0.0,1.0,3.0,NIGHTLIFE
8279.26322882991,4139.631614414955,2,4,0,0.0,0.0,1.0,1.0,1.0,0.0,0.0,3.0,BUDGET
15499.711844612628,15499.711844612628,1,3,0,0.0,0.0,1.0,1.0,0.0,1.0,0.0,3.0,BUDGET
35296.53562792465,7059.30712558493,5,4,1,0.0,0.0,1.0,1.0,1.0,1.0,0.0,4.0,FAMILY
148875.2541253291,74437.62706266456,2,6,2,0.0,0.0,1.0,1.0,0.0,1.0,1.0,4.0,LUXURY
203779.79434714827,67926.59811571609,3,6,2,0.0,0.0,1.0,1.0,0.0,1.0,1.0,4.0,LUXURY
40836.990004538784,13612.330001512928,3,5,1,0.0,0.0,1.0,1.0,1.0,1.0,0.0,4.0,FAMILY
13952.449451520873,6976.224725760437,2,2,0,0.0,0.0,1.0,1.0,0.0,1.0,0.0,3.0,BUDGET
14195.604179614344,7097.802089807172,2,4,0,0.0,0.0,1.0,1.0,1.0,0.0,0.0,3.0,BUDGET
57424.986082573836,19141.662027524613,3,4,1,0.0,0.0,1.0,1.0,1.0,1.0,0.0,4.0,FAMILY
13529.345216392709,6764.672608196354,2,3,0,0.0,0.0,1.0,1.0,0.0,1.0,0.0,3.0,BUDGET
39792.040629345945,9948.010157336486,4,7,1,0.0,0.0,1.0,1.0,1.0,1.0,0.0,4.0,FAMILY
15049.992007771185,15049.992007771185,1,5,0,0.0,0.0,1.0,1.0,1.0,1.0,0.0,4.0,CULTURAL
29306.031698298477,14653.015849149238,2,6,1,0.0,0.0,1.0,1.0,1.0,1.0,0.0,4.0,CULTURAL
11267.622256643594,11267.622256643594,1,3,0,0.0,0.0,1.0,1.0,0.0,1.0,0.0,3.0,BUDGET
40831.22528846586,10207.806322116465,4,4,0,0.0,1.0,1.0,1.0,0.0,0.0,0.0,3.0,ADVENTURE
160278.49237855474,53426.164126184914,3,5,2,0.0,0.0,1.0,1.0,0.0,1.0,1.0,4.0,LUXURY
147454.18532047933,73727.09266023966,2,7,2,0.0,0.0,1.0,1.0,0.0,1.0,1.0,4.0,LUXURY
36244.05906959929,18122.029534799643,2,4,0,0.0,0.0,1.0,1.0,1.0,1.0,0.0,4.0,CULTURAL
55969.29297519687,9328.215495866145,6,7,1,0.0,0.0,1.0,1.0,1.0,1.0,0.0,4.0,FAMILY
34490.72348394365,17245.361741971825,2,5,1,1.0,0.0,0.0,1.0,0.0,0.0,1.0,3.0,NIGHTLIFE
12570.690279572258,6285.345139786129,2,4,0,0.0,0.0,1.0,1.0,1.0,0.0,0.0,3.0,BUDGET
33007.11713003926,5501.186188339877,6,5,1,0.0,0.0,1.0,1.0,1.0,1.0,0.0,4.0,FAMILY
31555.397556366628,7888.849389091657,4,5,2,1.0,0.0,0.0,0.0,0.0,1.0,1.0,3.0,NIGHTLIFE
65338.86084427229,10889.810140712048,6,5,1,0.0,0.0,1.0,1.0,1.0,1.0,0.0,4.0,FAMILY
152607.85771125834,76303.92885562917,2,3,2,0.0,0.0,1.0,1.0,0.0,1.0,1.0,4.0,LUXURY
174104.95055260087,174104.95055260087,1,6,2,0.0,0.0,1.0,1.0,0.0,1.0,1.0,4.0,LUXURY
73963.43299989191,12327.23883331532,6,4,2,0.0,0.0,1.0,1.0,1.0,1.0,0.0,4.0,FAMILY
12004.503333668263,6002.251666834131,2,4,0,0.0,0.0,1.0,1.0,0.0,1.0,0.0,3.0,BUDGET
225121.27331998904,225121.27331998904,1,7,2,0.0,0.0,1.0,1.0,0.0,1.0,1.0,4.0,LUXURY
65123.2485272052,16280.8121318013,4,7,1,0.0,0.0,1.0,1.0,1.0,1.0,0.0,4.0,FAMILY
26253.35083694835,8751.11694564945,3,4,0,0.0,1.0,1.0,1.0,0.0,0.0,0.0,3.0,ADVENTURE
8009.345190092172,4004.672595046086,2,2,0,0.0,0.0,1.0,1.0,1.0,0.0,0.0,3.0,BUDGET
237854.4405920031,118927.22029600156,2,4,2,0.0,0.0,1.0,1.0,0.0,1.0,1.0,4.0,LUXURY
120255.58952755062,60127.79476377531,2,6,2,0.0,0.0,1.0,1.0,0.0,1.0,1.0,4.0,LUXURY
56258.169183353006,11251.6338366706,5,6,1,0.0,0.0,1.0,1.0,1.0,1.0,0.0,4.0,FAMILY
19050.46880638176,19050.46880638176,1,2,0,0.0,0.0,1.0,1.0,0.0,1.0,0.0,3.0,BUDGET
49296.04196233516,16432.013987445054,3,4,2,1.0,0.0,0.0,1.0,0.0,0.0,1.0,3.0,NIGHTLIFE
35071.041422460825,11690.347140820275,3,7,1,0.0,0.0,1.0,1.0,1.0,1.0,0.0,4.0,FAMILY
14445.278501822573,7222.639250911287,2,4,0,0.0,0.0,1.0,1.0,0.0,1.0,0.0,3.0,BUDGET
58983.672453413186,29491.836226706593,2,4,2,1.0,0.0,0.0,0.0,0.0,1.0,1.0,3.0,NIGHTLIFE
103893.01175924229,51946.505879621145,2,3,2,0.0,0.0,1.0,1.0,0.0,1.0,1.0,4.0,LUXURY
59014.931085856835,19671.643695285613,3,4,2,1.0,0.0,0.0,0.0,0.0,1.0,1.0,3.0,NIGHTLIFE
144555.3588196803,72277.67940984014,2,3,2,0.0,0.0,1.0,1.0,0.0,1.0,1.0,4.0,LUXURY
206143.81681955923,206143.81681955923,1,7,2,0.0,0.0,1.0,1.0,0.0,1.0,1.0,4.0,LUXURY
38671.28308924752,12890.42769641584,3,4,1,1.0,0.0,0.0,0.0,0.0,1.0,1.0,3.0,NIGHTLIFE
53457.83154094788,13364.45788523697,4,8,0,0.0,1.0,1.0,1.0,0.0,0.0,0.0,3.0,ADVENTURE
193211.01823367891,193211.01823367891,1,4,2,0.0,0.0,1.0,1.0,0.0,1.0,1.0,4.0,LUXURY
93762.13513966698,93762.13513966698,1,4,2,0.0,0.0,1.0,1.0,0.0,1.0,1.0,4.0,LUXURY
12523.33315309889,12523.33315309889,1,2,0,0.0,0.0,1.0,1.0,0.0,1.0,0.0,3.0,BUDGET
71634.02346735216,17908.50586683804,4,5,1,0.0,0.0,1.0,1.0,1.0,1.0,0.0,4.0,FAMILY
20491.591845114202,10245.795922557101,2,6,1,0.0,0.0,1.0,1.0,1.0,1.0,0.0,4.0,CULTURAL
21287.792628436968,21287.792628436968,1,6,0,0.0,0.0,1.0,1.0,1.0,1.0,0.0,4.0,CULTURAL
29478.293325412244,9826.097775137414,3,3,1,0.0,0.0,1.0,1.0,1.0,1.0,0.0,4.0,CULTURAL
14182.08418888175,14182.08418888175,1,2,0,0.0,0.0,1.0,1.0,1.0,0.0,0.0,3.0,BUDGET
43511.855713566525,21755.927856783263,2,7,1,0.0,1.0,1.0,1.0,0.0,0.0,0.0,3.0,ADVENTURE
194368.5176619771,194368.5176619771,1,7,2,0.0,0.0,1.0,1.0,0.0,1.0,1.0,4.0,LUXURY
44137.2844789381,11034.321119734524,4,5,1,0.0,0.0,1.0,1.0,1.0,1.0,0.0,4.0,FAMILY
50807.69990898808,10161.539981797616,5,4,1,0.0,0.0,1.0,1.0,1.0,1.0,0.0,4.0,FAMILY
58286.59819978955,19428.866066596518,3,4,1,0.0,0.0,1.0,1.0,1.0,1.0,0.0,4.0,FAMILY
36959.901230876494,6159.983538479416,6,5,1,0.0,0.0,1.0,1.0,1.0,1.0,0.0,4.0,FAMILY
48878.94288694845,48878.94288694845,1,3,1,0.0,0.0,1.0,1.0,1.0,1.0,0.0,4.0,CULTURAL
40585.362219881914,40585.362219881914,1,6,0,0.0,0.0,1.0,1.0,1.0,1.0,0.0,4.0,CULTURAL
70444.1730818164,11740.695513636068,6,4,1,0.0,0.0,1.0,1.0,1.0,1.0,0.0,4.0,FAMILY
84567.501187639,28189.167062546334,3,5,2,0.0,0.0,1.0,1.0,0.0,1.0,1.0,4.0,LUXURY
30985.440950829794,7746.3602377074485,4,8,1,0.0,1.0,1.0,1.0,0.0,0.0,0.0,3.0,ADVENTURE
16253.416605152996,8126.708302576498,2,3,0,0.0,0.0,1.0,1.0,1.0,0.0,0.0,3.0,BUDGET
64892.613698885616,32446.306849442808,2,7,1,0.0,1.0,1.0,1.0,0.0,0.0,0.0,3.0,ADVENTURE
46568.06852287143,15522.689507623809,3,5,1,1.0,0.0,0.0,0.0,0.0,1.0,1.0,3.0,NIGHTLIFE
86765.51164706094,86765.51164706094,1,5,2,0.0,0.0,1.0,1.0,0.0,1.0,1.0,4.0,LUXURY
38783.54485993919,12927.848286646396,3,6,0,0.0,1.0,1.0,1.0,0.0,0.0,0.0,3.0,ADVENTURE
18052.521270887937,18052.521270887937,1,2,0,0.0,0.0,1.0,1.0,1.0,0.0,0.0,3.0,BUDGET
23913.15902513564,7971.053008378546,3,6,0,0.0,0.0,1.0,1.0,1.0,1.0,0.0,4.0,CULTURAL
12281.039920323072,6140.519960161536,2,2,0,0.0,0.0,1.0,1.0,1.0,0.0,0.0,3.0,BUDGET
49601.30569324586,24800.65284662293,2,6,1,0.0,1.0,1.0,1.0,0.0,0.0,0.0,3.0,ADVENTURE
17316.955528903964,8658.477764451982,2,4,0,0.0,0.0,1.0,1.0,0.0,1.0,0.0,3.0,BUDGET
37449.59279850974,6241.598799751623,6,4,2,0.0,0.0,1.0,1.0,1.0,1.0,0.0,4.0,FAMILY
51935.2136207341,12983.803405183526,4,5,2,1.0,0.0,0.0,1.0,0.0,0.0,1.0,3.0,NIGHTLIFE
63644.26434274168,15911.06608568542,4,7,1,0.0,1.0,1.0,1.0,0.0,0.0,0.0,3.0,ADVENTURE
18370.010780862838,9185.005390431419,2,2,0,0.0,0.0,1.0,1.0,0.0,1.0,0.0,3.0,BUDGET
46001.190439798374,15333.730146599459,3,8,1,0.0,1.0,1.0,1.0,0.0,0.0,0.0,3.0,ADVENTURE
113521.10693457126,113521.10693457126,1,6,2,0.0,0.0,1.0,1.0,0.0,1.0,1.0,4.0,LUXURY
201675.1074898352,201675.1074898352,1,5,2,0.0,0.0,1.0,1.0,0.0,1.0,1.0,4.0,LUXURY
110909.00098234758,36969.66699411586,3,4,2,0.0,0.0,1.0,1.0,0.0,1.0,1.0,4.0,LUXURY
42367.27799216173,14122.425997387245,3,6,0,0.0,1.0,1.0,1.0,0.0,0.0,0.0,3.0,ADVENTURE
62516.28431734684,15629.07107933671,4,6,2,0.0,0.0,1.0,1.0,1.0,1.0,0.0,4.0,FAMILY
38028.24689216073,19014.123446080364,2,5,1,0.0,0.0,1.0,1.0,1.0,1.0,0.0,4.0,CULTURAL
28128.47918614225,28128.47918614225,1,5,1,0.0,0.0,1.0,1.0,1.0,1.0,0.0,4.0,CULTURAL
125837.10149042108,62918.55074521054,2,3,2,0.0,0.0,1.0,1.0,0.0,1.0,1.0,4.0,LUXURY
152419.57830963278,50806.52610321093,3,4,2,0.0,0.0,1.0,1.0,0.0,1.0,1.0,4.0,LUXURY
29334.632454187824,29334.632454187824,1,5,0,0.0,0.0,1.0,1.0,1.0,1.0,0.0,4.0,CULTURAL
14796.855683562766,7398.427841781383,2,4,0,0.0,0.0,1.0,1.0,1.0,0.0,0.0,3.0,BUDGET
33425.27033134898,11141.756777116325,3,4,1,0.0,0.0,1.0,1.0,1.0,1.0,0.0,4.0,FAMILY
237430.12516910513,237430.12516910513,1,4,2,0.0,0.0,1.0,1.0,0.0,1.0,1.0,4.0,LUXURY
49576.32919325247,16525.44306441749,3,4,1,1.0,0.0,0.0,1.0,0.0,0.0,1.0,3.0,NIGHTLIFE
20362.16646321484,10181.08323160742,2,5,1,1.0,0.0,0.0,0.0,0.0,1.0,1.0,3.0,NIGHTLIFE
24981.530860351675,24981.530860351675,1,4,0,0.0,0.0,1.0,1.0,1.0,1.0,0.0,4.0,CULTURAL
51740.882228886876,17246.960742962292,3,4,1,0.0,1.0,1.0,1.0,0.0,0.0,0.0,3.0,ADVENTURE
113433.42950635223,37811.143168784074,3,4,2,0.0,0.0,1.0,1.0,0.0,1.0,1.0,4.0,LUXURY
42709.9901247842,21354.9950623921,2,8,1,0.0,1.0,1.0,1.0,0.0,0.0,0.0,3.0,ADVENTURE
40860.454884560524,10215.113721140131,4,4,1,0.0,0.0,1.0,1.0,1.0,1.0,0.0,4.0,FAMILY
10579.284543089081,5289.642271544541,2,4,0,0.0,0.0,1.0,1.0,0.0,1.0,0.0,3.0,BUDGET
40650.71085093644,13550.236950312146,3,4,0,0.0,0.0,1.0,1.0,1.0,1.0,0.0,4.0,CULTURAL
28723.031783065184,7180.757945766296,4,8,1,0.0,1.0,1.0,1.0,0.0,0.0,0.0,3.0,ADVENTURE
11664.366324132721,5832.183162066361,2,3,0,0.0,0.0,1.0,1.0,1.0,0.0,0.0,3.0,BUDGET
11521.858096616457,11521.858096616457,1,4,0,0.0,0.0,1.0,1.0,1.0,0.0,0.0,3.0,BUDGET
42788.427965045674,42788.427965045674,1,4,1,0.0,0.0,1.0,1.0,1.0,1.0,0.0,4.0,CULTURAL
34524.084764352534,6904.816952870507,5,4,2,0.0,0.0,1.0,1.0,1.0,1.0,0.0,4.0,FAMILY
60673.656931958816,20224.55231065294,3,6,2,0.0,0.0,1.0,1.0,1.0,1.0,0.0,4.0,FAMILY
15314.772007758762,7657.386003879381,2,3,0,0.0,0.0,1.0,1.0,1.0,0.0,0.0,3.0,BUDGET
44641.10183504823,7440.183639174706,6,5,1,0.0,0.0,1.0,1.0,1.0,1.0,0.0,4.0,FAMILY
19818.094387548015,9909.047193774008,2,3,0,0.0,0.0,1.0,1.0,1.0,0.0,0.0,3.0,BUDGET
75461.01029307801,25153.67009769267,3,5,2,0.0,0.0,1.0,1.0,1.0,1.0,0.0,4.0,FAMILY
81205.60817164306,40602.80408582153,2,5,2,0.0,0.0,1.0,1.0,0.0,1.0,1.0,4.0,LUXURY
61860.07384041402,15465.018460103505,4,7,2,0.0,0.0,1.0,1.0,1.0,1.0,0.0,4.0,FAMILY
8276.749100496989,8276.749100496989,1,4,0,0.0,0.0,1.0,1.0,1.0,0.0,0.0,3.0,BUDGET
36227.638585723376,12075.879528574458,3,4,0,0.0,1.0,1.0,1.0,0.0,0.0,0.0,3.0,ADVENTURE
26873.93925308378,8957.979751027926,3,5,1,1.0,0.0,0.0,1.0,0.0,0.0,1.0,3.0,NIGHTLIFE
56961.074817029315,28480.537408514658,2,3,1,1.0,0.0,0.0,0.0,0.0,1.0,1.0,3.0,NIGHTLIFE
10494.635061752328,10494.635061752328,1,2,0,0.0,0.0,1.0,1.0,1.0,0.0,0.0,3.0,BUDGET
10735.2219505033,5367.61097525165,2,2,0,0.0,0.0,1.0,1.0,0.0,1.0,0.0,3.0,BUDGET
25885.24512848106,25885.24512848106,1,5,1,0.0,0.0,1.0,1.0,1.0,1.0,0.0,4.0,CULTURAL
18067.20202483236,9033.60101241618,2,3,0,0.0,0.0,1.0,1.0,1.0,0.0,0.0,3.0,BUDGET
18806.86761483663,9403.433807418314,2,4,0,0.0,0.0,1.0,1.0,1.0,0.0,0.0,3.0,BUDGET
55424.79056967093,13856.197642417732,4,4,2,1.0,0.0,0.0,1.0,0.0,0.0,1.0,3.0,NIGHTLIFE
11864.94998699814,11864.94998699814,1,3,0,0.0,0.0,1.0,1.0,0.0,1.0,0.0,3.0,BUDGET
11575.513418503406,5787.756709251703,2,4,0,0.0,0.0,1.0,1.0,1.0,0.0,0.0,3.0,BUDGET
43327.632171083904,10831.908042770976,4,4,2,1.0,0.0,0.0,1.0,0.0,0.0,1.0,3.0,NIGHTLIFE
243440.47187201865,121720.23593600933,2,7,2,0.0,0.0,1.0,1.0,0.0,1.0,1.0,4.0,LUXURY
30827.528503560134,10275.842834520045,3,5,1,0.0,0.0,1.0,1.0,1.0,1.0,0.0,4.0,CULTURAL
63730.39264581081,21243.46421527027,3,4,1,0.0,0.0,1.0,1.0,1.0,1.0,0.0,4.0,FAMILY
34008.11964362921,11336.039881209736,3,3,1,1.0,0.0,0.0,0.0,0.0,1.0,1.0,3.0,NIGHTLIFE
239243.17449509332,119621.58724754666,2,7,2,0.0,0.0,1.0,1.0,0.0,1.0,1.0,4.0,LUXURY
49999.7306448529,12499.932661213224,4,7,0,0.0,1.0,1.0,1.0,0.0,0.0,0.0,3.0,ADVENTURE
24282.99828759361,12141.499143796806,2,3,0,0.0,0.0,1.0,1.0,1.0,1.0,0.0,4.0,CULTURAL
10185.285665858999,5092.6428329294995,2,4,0,0.0,0.0,1.0,1.0,1.0,0.0,0.0,3.0,BUDGET
47428.68336209853,11857.170840524632,4,5,1,0.0,0.0,1.0,1.0,1.0,1.0,0.0,4.0,FAMILY
12426.963674837269,6213.481837418634,2,3,0,0.0,0.0,1.0,1.0,1.0,0.0,0.0,3.0,BUDGET
62290.5406327603,12458.108126552059,5,5,1,0.0,0.0,1.0,1.0,1.0,1.0,0.0,4.0,FAMILY
201614.77292037138,67204.92430679046,3,7,2,0.0,0.0,1.0,1.0,0.0,1.0,1.0,4.0,LUXURY
25282.806472901462,12641.403236450731,2,5,1,0.0,0.0,1.0,1.0,1.0,1.0,0.0,4.0,CULTURAL
47659.614168034874,15886.538056011625,3,5,1,0.0,1.0,1.0,1.0,0.0,0.0,0.0,3.0,ADVENTURE
63410.63992775081,15852.659981937702,4,5,1,0.0,0.0,1.0,1.0,1.0,1.0,0.0,4.0,FAMILY
28010.44446157612,14005.22223078806,2,5,1,0.0,0.0,1.0,1.0,1.0,1.0,0.0,4.0,CULTURAL
67712.67721719315,13542.53544343863,5,7,2,0.0,0.0,1.0,1.0,1.0,1.0,0.0,4.0,FAMILY
50745.53336749928,12686.38334187482,4,4,1,0.0,1.0,1.0,1.0,0.0,0.0,0.0,3.0,ADVENTURE
16767.761479129873,5589.253826376625,3,4,1,0.0,0.0,1.0,1.0,1.0,1.0,0.0,4.0,CULTURAL
62591.76386279107,15647.940965697768,4,5,0,0.0,1.0,1.0,1.0,0.0,0.0,0.0,3.0,ADVENTURE
39828.15000927564,19914.07500463782,2,3,1,1.0,0.0,0.0,1.0,0.0,0.0,1.0,3.0,NIGHTLIFE
38975.21303321126,12991.737677737086,3,3,0,0.0,0.0,1.0,1.0,1.0,1.0,0.0,4.0,CULTURAL
12413.39759263104,6206.69879631552,2,3,0,0.0,0.0,1.0,1.0,0.0,1.0,0.0,3.0,BUDGET
177045.16916738948,59015.05638912983,3,3,2,0.0,0.0,1.0,1.0,0.0,1.0,1.0,4.0,LUXURY
10290.932373804153,10290.932373804153,1,4,0,0.0,0.0,1.0,1.0,0.0,1.0,0.0,3.0,BUDGET
30093.99417624553,6018.798835249107,5,4,1,0.0,0.0,1.0,1.0,1.0,1.0,0.0,4.0,FAMILY
57525.307027968454,14381.326756992114,4,4,0,0.0,1.0,1.0,1.0,0.0,0.0,0.0,3.0,ADVENTURE
15318.43634482716,5106.14544827572,3,3,0,0.0,0.0,1.0,1.0,1.0,1.0,0.0,4.0,CULTURAL
9402.776488500369,4701.3882442501845,2,4,0,0.0,0.0,1.0,1.0,1.0,0.0,0.0,3.0,BUDGET
58761.7357339292,29380.8678669646,2,8,1,0.0,1.0,1.0,1.0,0.0,0.0,0.0,3.0,ADVENTURE
10212.451048147559,10212.451048147559,1,4,0,0.0,0.0,1.0,1.0,0.0,1.0,0.0,3.0,BUDGET
67995.16861471304,16998.79215367826,4,8,0,0.0,1.0,1.0,1.0,0.0,0.0,0.0,3.0,ADVENTURE
40484.12280322489,13494.707601074964,3,5,1,0.0,1.0,1.0,1.0,0.0,0.0,0.0,3.0,ADVENTURE
29785.178380670222,9928.39279355674,3,7,0,0.0,1.0,1.0,1.0,0.0,0.0,0.0,3.0,ADVENTURE
32606.53116449575,10868.843721498584,3,3,1,0.0,0.0,1.0,1.0,1.0,1.0,0.0,4.0,CULTURAL
38239.171030397476,9559.792757599369,4,5,1,1.0,0.0,0.0,0.0,0.0,1.0,1.0,3.0,NIGHTLIFE
35661.999620799186,17830.999810399593,2,8,0,0.0,1.0,1.0,1.0,0.0,0.0,0.0,3.0,ADVENTURE
227723.04785355236,113861.52392677618,2,4,2,0.0,0.0,1.0,1.0,0.0,1.0,1.0,4.0,LUXURY
9024.169579925216,9024.169579925216,1,3,0,0.0,0.0,1.0,1.0,1.0,0.0,0.0,3.0,BUDGET
16337.419196476454,8168.709598238227,2,3,0,0.0,0.0,1.0,1.0,0.0,1.0,0.0,3.0,BUDGET
12155.65185307281,6077.825926536405,2,3,0,0.0,0.0,1.0,1.0,1.0,0.0,0.0,3.0,BUDGET
17267.820700827673,17267.820700827673,1,3,0,0.0,0.0,1.0,1.0,0.0,1.0,0.0,3.0,BUDGET
46228.292688329755,11557.073172082439,4,6,0,0.0,1.0,1.0,1.0,0.0,0.0,0.0,3.0,ADVENTURE
12363.555228551528,12363.555228551528,1,3,0,0.0,0.0,1.0,1.0,0.0,1.0,0.0,3.0,BUDGET
43631.20003667669,7271.866672779448,6,5,1,0.0,0.0,1.0,1.0,1.0,1.0,0.0,4.0,FAMILY
11095.299532581867,5547.649766290933,2,3,0,0.0,0.0,1.0,1.0,0.0,1.0,0.0,3.0,BUDGET
28935.092580994846,9645.030860331615,3,8,0,0.0,1.0,1.0,1.0,0.0,0.0,0.0,3.0,ADVENTURE
248348.47899944,124174.23949972,2,3,2,0.0,0.0,1.0,1.0,0.0,1.0,1.0,4.0,LUXURY
39155.987471151624,13051.995823717209,3,5,0,0.0,0.0,1.0,1.0,1.0,1.0,0.0,4.0,CULTURAL
24815.927266601935,8271.975755533978,3,6,1,0.0,0.0,1.0,1.0,1.0,1.0,0.0,4.0,CULTURAL
27455.443372721453,6863.860843180363,4,6,1,0.0,1.0,1.0,1.0,0.0,0.0,0.0,3.0,ADVENTURE
15003.873342210465,7501.936671105233,2,2,0,0.0,0.0,1.0,1.0,1.0,0.0,0.0,3.0,BUDGET
15868.671624568906,15868.671624568906,1,3,0,0.0,0.0,1.0,1.0,0.0,1.0,0.0,3.0,BUDGET
55608.600105446974,13902.150026361744,4,5,1,1.0,0.0,0.0,0.0,0.0,1.0,1.0,3.0,NIGHTLIFE
32027.93687723407,5337.989479539012,6,5,1,0.0,0.0,1.0,1.0,1.0,1.0,0.0,4.0,FAMILY
9542.004238806921,9542.004238806921,1,4,0,0.0,0.0,1.0,1.0,1.0,0.0,0.0,3.0,BUDGET
15891.35470760412,15891.35470760412,1,4,0,0.0,0.0,1.0,1.0,1.0,0.0,0.0,3.0,BUDGET
64968.61073475868,32484.30536737934,2,7,0,0.0,1.0,1.0,1.0,0.0,0.0,0.0,3.0,ADVENTURE
28602.083096248596,9534.027698749533,3,5,1,0.0,0.0,1.0,1.0,1.0,1.0,0.0,4.0,CULTURAL
78638.8161446043,15727.76322892086,5,5,2,0.0,0.0,1.0,1.0,1.0,1.0,0.0,4.0,FAMILY
33013.36951447804,11004.456504826014,3,4,1,0.0,0.0,1.0,1.0,1.0,1.0,0.0,4.0,FAMILY
43342.27869299274,10835.569673248185,4,5,2,1.0,0.0,0.0,1.0,0.0,0.0,1.0,3.0,NIGHTLIFE
98612.00223172897,32870.66741057632,3,3,2,0.0,0.0,1.0,1.0,0.0,1.0,1.0,4.0,LUXURY
56839.78084386304,14209.94521096576,4,4,1,1.0,0.0,0.0,0.0,0.0,1.0,1.0,3.0,NIGHTLIFE
48267.62465561972,16089.208218539907,3,5,1,0.0,0.0,1.0,1.0,1.0,1.0,0.0,4.0,CULTURAL
17040.538223107298,8520.269111553649,2,4,0,0.0,0.0,1.0,1.0,1.0,0.0,0.0,3.0,BUDGET
13853.717609704856,6926.858804852428,2,4,0,0.0,0.0,1.0,1.0,0.0,1.0,0.0,3.0,BUDGET
59441.35137361183,19813.783791203943,3,5,1,0.0,1.0,1.0,1.0,0.0,0.0,0.0,3.0,ADVENTURE
69740.47743749646,23246.82581249882,3,6,1,0.0,0.0,1.0,1.0,1.0,1.0,0.0,4.0,FAMILY
150102.30283669577,50034.10094556526,3,4,2,0.0,0.0,1.0,1.0,0.0,1.0,1.0,4.0,LUXURY
45316.253227137364,11329.063306784341,4,3,1,1.0,0.0,0.0,1.0,0.0,0.0,1.0,3.0,NIGHTLIFE
30682.201169847933,7670.550292461983,4,7,0,0.0,1.0,1.0,1.0,0.0,0.0,0.0,3.0,ADVENTURE
224190.854707591,112095.4273537955,2,7,2,0.0,0.0,1.0,1.0,0.0,1.0,1.0,4.0,LUXURY
11870.609170863207,5935.304585431603,2,2,0,0.0,0.0,1.0,1.0,1.0,0.0,0.0,3.0,BUDGET
124497.68702286201,124497.68702286201,1,4,2,0.0,0.0,1.0,1.0,0.0,1.0,1.0,4.0,LUXURY
20468.264429236162,6822.754809745387,3,5,1,1.0,0.0,0.0,0.0,0.0,1.0,1.0,3.0,NIGHTLIFE
75064.80053873244,12510.80008978874,6,7,1,0.0,0.0,1.0,1.0,1.0,1.0,0.0,4.0,FAMILY
237574.2855647969,118787.14278239846,2,6,2,0.0,0.0,1.0,1.0,0.0,1.0,1.0,4.0,LUXURY
201458.1462605829,67152.7154201943,3,5,2,0.0,0.0,1.0,1.0,0.0,1.0,1.0,4.0,LUXURY
16423.60252709244,8211.80126354622,2,3,0,0.0,0.0,1.0,1.0,0.0,1.0,0.0,3.0,BUDGET
61700.28515498057,10283.380859163428,6,4,2,0.0,0.0,1.0,1.0,1.0,1.0,0.0,4.0,FAMILY
18211.141385210154,18211.141385210154,1,3,0,0.0,0.0,1.0,1.0,0.0,1.0,0.0,3.0,BUDGET
49126.31401220041,9825.262802440082,5,7,2,0.0,0.0,1.0,1.0,1.0,1.0,0.0,4.0,FAMILY
97733.22484981996,32577.741616606654,3,4,2,0.0,0.0,1.0,1.0,0.0,1.0,1.0,4.0,LUXURY
213482.28035188303,71160.76011729434,3,7,2,0.0,0.0,1.0,1.0,0.0,1.0,1.0,4.0,LUXURY
33308.46058063162,11102.820193543872,3,8,0,0.0,1.0,1.0,1.0,0.0,0.0,0.0,3.0,ADVENTURE
23024.20162467003,11512.100812335015,2,3,1,1.0,0.0,0.0,1.0,0.0,0.0,1.0,3.0,NIGHTLIFE
39862.8100375938,19931.4050187969,2,8,0,0.0,1.0,1.0,1.0,0.0,0.0,0.0,3.0,ADVENTURE
18963.520807393696,6321.173602464565,3,3,0,0.0,0.0,1.0,1.0,1.0,1.0,0.0,4.0,CULTURAL
30082.946778141442,10027.648926047148,3,4,1,0.0,0.0,1.0,1.0,1.0,1.0,0.0,4.0,CULTURAL
34411.717192390075,17205.858596195038,2,5,1,0.0,0.0,1.0,1.0,1.0,1.0,0.0,4.0,CULTURAL
57034.92383224551,9505.820638707586,6,4,1,0.0,0.0,1.0,1.0,1.0,1.0,0.0,4.0,FAMILY
51448.22609044232,17149.408696814105,3,3,1,1.0,0.0,0.0,0.0,0.0,1.0,1.0,3.0,NIGHTLIFE
18619.980278279374,18619.980278279374,1,3,0,0.0,0.0,1.0,1.0,1.0,0.0,0.0,3.0,BUDGET
14385.361823183788,14385.361823183788,1,3,0,0.0,0.0,1.0,1.0,0.0,1.0,0.0,3.0,BUDGET
40125.4703193175,20062.73515965875,2,6,1,0.0,0.0,1.0,1.0,1.0,1.0,0.0,4.0,CULTURAL
17967.43289345275,8983.716446726376,2,3,0,0.0,0.0,1.0,1.0,0.0,1.0,0.0,3.0,BUDGET
61827.119115079084,15456.779778769771,4,4,0,0.0,1.0,1.0,1.0,0.0,0.0,0.0,3.0,ADVENTURE
112787.99667723442,37595.99889241147,3,4,2,0.0,0.0,1.0,1.0,0.0,1.0,1.0,4.0,LUXURY
10877.44830988884,5438.72415494442,2,2,0,0.0,0.0,1.0,1.0,0.0,1.0,0.0,3.0,BUDGET
67684.94170252596,16921.23542563149,4,7,1,0.0,0.0,1.0,1.0,1.0,1.0,0.0,4.0,FAMILY
69244.84885557338,17311.212213893345,4,4,2,0.0,0.0,1.0,1.0,1.0,1.0,0.0,4.0,FAMILY
11421.142024326165,11421.142024326165,1,4,0,0.0,0.0,1.0,1.0,1.0,0.0,0.0,3.0,BUDGET
19030.452559100464,6343.484186366822,3,5,0,0.0,0.0,1.0,1.0,1.0,1.0,0.0,4.0,CULTURAL
41347.27583795048,20673.63791897524,2,6,1,0.0,1.0,1.0,1.0,0.0,0.0,0.0,3.0,ADVENTURE
36789.22886745898,12263.076289152994,3,3,1,0.0,0.0,1.0,1.0,1.0,1.0,0.0,4.0,CULTURAL
16352.357560099676,8176.178780049838,2,3,0,0.0,0.0,1.0,1.0,0.0,1.0,0.0,3.0,BUDGET
45165.63021555329,22582.815107776645,2,3,0,0.0,0.0,1.0,1.0,1.0,1.0,0.0,4.0,CULTURAL
15650.689656262557,15650.689656262557,1,4,0,0.0,0.0,1.0,1.0,1.0,0.0,0.0,3.0,BUDGET
34655.807769926796,34655.807769926796,1,4,1,0.0,0.0,1.0,1.0,1.0,1.0,0.0,4.0,CULTURAL
18167.370888355337,6055.790296118445,3,5,0,0.0,0.0,1.0,1.0,1.0,1.0,0.0,4.0,CULTURAL
77543.17811252052,12923.86301875342,6,7,1,0.0,0.0,1.0,1.0,1.0,1.0,0.0,4.0,FAMILY
65816.88821867599,32908.444109337994,2,4,0,0.0,1.0,1.0,1.0,0.0,0.0,0.0,3.0,ADVENTURE
52561.967209049406,13140.491802262351,4,7,1,0.0,0.0,1.0,1.0,1.0,1.0,0.0,4.0,FAMILY
186286.7412553445,62095.58041844817,3,5,2,0.0,0.0,1.0,1.0,0.0,1.0,1.0,4.0,LUXURY
27474.165754738264,27474.165754738264,1,4,1,0.0,0.0,1.0,1.0,1.0,1.0,0.0,4.0,CULTURAL
12494.48142616835,12494.48142616835,1,4,0,0.0,0.0,1.0,1.0,1.0,0.0,0.0,3.0,BUDGET
103076.79502698318,34358.93167566106,3,7,2,0.0,0.0,1.0,1.0,0.0,1.0,1.0,4.0,LUXURY
50330.69168224237,16776.897227414123,3,3,1,1.0,0.0,0.0,0.0,0.0,1.0,1.0,3.0,NIGHTLIFE
32980.47200701368,16490.23600350684,2,3,2,1.0,0.0,0.0,1.0,0.0,0.0,1.0,3.0,NIGHTLIFE
176120.70975793147,176120.70975793147,1,4,2,0.0,0.0,1.0,1.0,0.0,1.0,1.0,4.0,LUXURY
19676.12665702935,19676.12665702935,1,4,0,0.0,0.0,1.0,1.0,0.0,1.0,0.0,3.0,BUDGET
35916.02197332213,11972.00732444071,3,8,0,0.0,1.0,1.0,1.0,0.0,0.0,0.0,3.0,ADVENTURE
115864.88140539157,38621.627135130526,3,4,2,0.0,0.0,1.0,1.0,0.0,1.0,1.0,4.0,LUXURY
33127.11134486842,5521.185224144737,6,6,2,0.0,0.0,1.0,1.0,1.0,1.0,0.0,4.0,FAMILY
112723.8356080906,112723.8356080906,1,5,2,0.0,0.0,1.0,1.0,0.0,1.0,1.0,4.0,LUXURY
40502.29578109147,20251.147890545733,2,5,1,0.0,0.0,1.0,1.0,1.0,1.0,0.0,4.0,CULTURAL
43953.81600317756,21976.90800158878,2,4,2,1.0,0.0,0.0,0.0,0.0,1.0,1.0,3.0,NIGHTLIFE
68272.71131707745,34136.35565853873,2,7,1,0.0,1.0,1.0,1.0,0.0,0.0,0.0,3.0,ADVENTURE
54418.73144914694,18139.577149715646,3,4,1,0.0,0.0,1.0,1.0,1.0,1.0,0.0,4.0,FAMILY
25050.76677956951,8350.255593189837,3,6,1,0.0,0.0,1.0,1.0,1.0,1.0,0.0,4.0,CULTURAL
37372.064028648594,18686.032014324297,2,6,0,0.0,0.0,1.0,1.0,1.0,1.0,0.0,4.0,CULTURAL
78167.34164101996,15633.468328203991,5,5,1,0.0,0.0,1.0,1.0,1.0,1.0,0.0,4.0,FAMILY
35368.26851943201,8842.067129858002,4,4,2,1.0,0.0,0.0,0.0,0.0,1.0,1.0,3.0,NIGHTLIFE
69899.46610716917,23299.822035723057,3,6,1,0.0,0.0,1.0,1.0,1.0,1.0,0.0,4.0,FAMILY
19331.197869361207,9665.598934680604,2,4,0,0.0,0.0,1.0,1.0,0.0,1.0,0.0,3.0,BUDGET
44510.070276041086,14836.690092013696,3,6,0,0.0,0.0,1.0,1.0,1.0,1.0,0.0,4.0,CULTURAL
244315.01615437435,244315.01615437435,1,5,2,0.0,0.0,1.0,1.0,0.0,1.0,1.0,4.0,LUXURY
13261.689476217043,13261.689476217043,1,3,0,0.0,0.0,1.0,1.0,1.0,0.0,0.0,3.0,BUDGET
83403.9490544719,41701.97452723595,2,4,2,0.0,0.0,1.0,1.0,0.0,1.0,1.0,4.0,LUXURY
30637.02555938624,10212.341853128746,3,3,1,0.0,0.0,1.0,1.0,1.0,1.0,0.0,4.0,CULTURAL
51842.53513075898,17280.845043586327,3,7,1,0.0,0.0,1.0,1.0,1.0,1.0,0.0,4.0,FAMILY
154570.33313411736,154570.33313411736,1,7,2,0.0,0.0,1.0,1.0,0.0,1.0,1.0,4.0,LUXURY
32558.66869509411,8139.667173773528,4,4,2,1.0,0.0,0.0,1.0,0.0,0.0,1.0,3.0,NIGHTLIFE
29700.453314506813,14850.226657253406,2,8,0,0.0,1.0,1.0,1.0,0.0,0.0,0.0,3.0,ADVENTURE
11849.36077966083,5924.680389830415,2,2,0,0.0,0.0,1.0,1.0,1.0,0.0,0.0,3.0,BUDGET
35094.33514840868,17547.16757420434,2,8,1,0.0,1.0,1.0,1.0,0.0,0.0,0.0,3.0,ADVENTURE
57055.30426920347,19018.43475640116,3,4,1,1.0,0.0,0.0,1.0,0.0,0.0,1.0,3.0,NIGHTLIFE
234043.3811416715,117021.69057083575,2,5,2,0.0,0.0,1.0,1.0,0.0,1.0,1.0,4.0,LUXURY
63018.804737033475,15754.701184258369,4,7,0,0.0,1.0,1.0,1.0,0.0,0.0,0.0,3.0,ADVENTURE
8381.656177821982,4190.828088910991,2,2,0,0.0,0.0,1.0,1.0,1.0,0.0,0.0,3.0,BUDGET
14742.400305725283,7371.2001528626415,2,2,0,0.0,0.0,1.0,1.0,1.0,0.0,0.0,3.0,BUDGET
29261.93743860195,14630.968719300976,2,5,2,1.0,0.0,0.0,0.0,0.0,1.0,1.0,3.0,NIGHTLIFE
17689.163021801134,17689.163021801134,1,2,0,0.0,0.0,1.0,1.0,1.0,0.0,0.0,3.0,BUDGET
164824.5505175348,82412.2752587674,2,6,2,0.0,0.0,1.0,1.0,0.0,1.0,1.0,4.0,LUXURY
39539.82530639621,13179.941768798737,3,3,1,1.0,0.0,0.0,1.0,0.0,0.0,1.0,3.0,NIGHTLIFE
43977.373409085936,21988.686704542968,2,6,0,0.0,0.0,1.0,1.0,1.0,1.0,0.0,4.0,CULTURAL
35680.31935882901,11893.439786276336,3,6,0,0.0,0.0,1.0,1.0,1.0,1.0,0.0,4.0,CULTURAL
27259.649426070486,6814.912356517621,4,5,0,0.0,1.0,1.0,1.0,0.0,0.0,0.0,3.0,ADVENTURE
35416.60431608447,8854.151079021118,4,5,1,0.0,1.0,1.0,1.0,0.0,0.0,0.0,3.0,ADVENTURE
23337.330241646563,23337.330241646563,1,6,0,0.0,0.0,1.0,1.0,1.0,1.0,0.0,4.0,CULTURAL
101968.0460174674,50984.0230087337,2,6,2,0.0,0.0,1.0,1.0,0.0,1.0,1.0,4.0,LUXURY
9087.27721439385,4543.638607196925,2,4,0,0.0,0.0,1.0,1.0,0.0,1.0,0.0,3.0,BUDGET
75476.22554739092,25158.741849130307,3,6,1,0.0,0.0,1.0,1.0,1.0,1.0,0.0,4.0,FAMILY
38288.72700816379,9572.181752040948,4,5,1,0.0,0.0,1.0,1.0,1.0,1.0,0.0,4.0,FAMILY
16621.487250038645,16621.487250038645,1,3,0,0.0,0.0,1.0,1.0,1.0,0.0,0.0,3.0,BUDGET
53068.58639724073,13267.146599310183,4,5,1,1.0,0.0,0.0,0.0,0.0,1.0,1.0,3.0,NIGHTLIFE
172935.13503254298,57645.04501084766,3,7,2,0.0,0.0,1.0,1.0,0.0,1.0,1.0,4.0,LUXURY
12853.825396182208,12853.825396182208,1,4,0,0.0,0.0,1.0,1.0,0.0,1.0,0.0,3.0,BUDGET
99107.4946199222,33035.83153997407,3,4,2,0.0,0.0,1.0,1.0,0.0,1.0,1.0,4.0,LUXURY
16409.845735689312,8204.922867844656,2,6,0,0.0,0.0,1.0,1.0,1.0,1.0,0.0,4.0,CULTURAL
63909.35595712355,21303.118652374516,3,8,0,0.0,1.0,1.0,1.0,0.0,0.0,0.0,3.0,ADVENTURE
50806.32847028384,16935.442823427948,3,3,2,1.0,0.0,0.0,0.0,0.0,1.0,1.0,3.0,NIGHTLIFE
47599.98949235774,15866.663164119245,3,3,2,1.0,0.0,0.0,0.0,0.0,1.0,1.0,3.0,NIGHTLIFE
70369.80151699757,11728.300252832929,6,4,2,0.0,0.0,1.0,1.0,1.0,1.0,0.0,4.0,FAMILY
96869.03133608995,48434.51566804497,2,6,2,0.0,0.0,1.0,1.0,0.0,1.0,1.0,4.0,LUXURY
46296.27319760375,11574.068299400937,4,7,2,0.0,0.0,1.0,1.0,1.0,1.0,0.0,4.0,FAMILY
148959.69410603037,148959.69410603037,1,6,2,0.0,0.0,1.0,1.0,0.0,1.0,1.0,4.0,LUXURY
54138.24091795134,18046.08030598378,3,6,0,0.0,1.0,1.0,1.0,0.0,0.0,0.0,3.0,ADVENTURE
33882.4947399758,11294.164913325267,3,5,2,1.0,0.0,0.0,1.0,0.0,0.0,1.0,3.0,NIGHTLIFE
36037.67049892187,12012.556832973956,3,5,2,1.0,0.0,0.0,1.0,0.0,0.0,1.0,3.0,NIGHTLIFE
38487.895254377036,9621.973813594259,4,4,1,0.0,0.0,1.0,1.0,1.0,1.0,0.0,4.0,FAMILY
42216.99703932331,7036.166173220551,6,7,1,0.0,0.0,1.0,1.0,1.0,1.0,0.0,4.0,FAMILY
10991.5067497865,10991.5067497865,1,4,0,0.0,0.0,1.0,1.0,1.0,0.0,0.0,3.0,BUDGET
30646.720500621497,10215.573500207165,3,3,1,1.0,0.0,0.0,0.0,0.0,1.0,1.0,3.0,NIGHTLIFE
63395.999940181355,21131.999980060453,3,5,1,0.0,0.0,1.0,1.0,1.0,1.0,0.0,4.0,FAMILY
71119.6709408529,14223.93418817058,5,6,2,0.0,0.0,1.0,1.0,1.0,1.0,0.0,4.0,FAMILY
58918.033169260205,29459.016584630102,2,7,0,0.0,1.0,1.0,1.0,0.0,0.0,0.0,3.0,ADVENTURE
58618.522020806304,19539.507340268767,3,8,1,0.0,1.0,1.0,1.0,0.0,0.0,0.0,3.0,ADVENTURE
68592.88630908106,17148.221577270266,4,6,2,0.0,0.0,1.0,1.0,1.0,1.0,0.0,4.0,FAMILY
16672.34776384919,5557.4492546163965,3,3,0,0.0,0.0,1.0,1.0,1.0,1.0,0.0,4.0,CULTURAL
115829.72690308405,115829.72690308405,1,4,2,0.0,0.0,1.0,1.0,0.0,1.0,1.0,4.0,LUXURY
144313.6532180941,72156.82660904706,2,3,2,0.0,0.0,1.0,1.0,0.0,1.0,1.0,4.0,LUXURY
38758.4780851281,19379.23904256405,2,5,0,0.0,1.0,1.0,1.0,0.0,0.0,0.0,3.0,ADVENTURE
22661.10432843421,7553.701442811403,3,4,1,1.0,0.0,0.0,1.0,0.0,0.0,1.0,3.0,NIGHTLIFE
29680.88319923509,14840.441599617545,2,5,1,1.0,0.0,0.0,0.0,0.0,1.0,1.0,3.0,NIGHTLIFE
15082.768002429046,15082.768002429046,1,2,0,0.0,0.0,1.0,1.0,0.0,1.0,0.0,3.0,BUDGET
38344.255892743546,6390.709315457258,6,4,1,0.0,0.0,1.0,1.0,1.0,1.0,0.0,4.0,FAMILY
63983.15961919816,15995.78990479954,4,7,1,0.0,1.0,1.0,1.0,0.0,0.0,0.0,3.0,ADVENTURE
41066.275607047275,41066.275607047275,1,6,1,0.0,0.0,1.0,1.0,1.0,1.0,0.0,4.0,CULTURAL
13025.246298704877,6512.623149352438,2,3,0,0.0,0.0,1.0,1.0,0.0,1.0,0.0,3.0,BUDGET
36662.63313929168,12220.877713097228,3,4,1,1.0,0.0,0.0,0.0,0.0,1.0,1.0,3.0,NIGHTLIFE
52373.40706612289,8728.901177687148,6,7,1,0.0,0.0,1.0,1.0,1.0,1.0,0.0,4.0,FAMILY
39370.59720487911,13123.53240162637,3,4,1,0.0,0.0,1.0,1.0,1.0,1.0,0.0,4.0,FAMILY
52246.65627366754,26123.32813683377,2,8,1,0.0,1.0,1.0,1.0,0.0,0.0,0.0,3.0,ADVENTURE
46914.866743923194,15638.288914641065,3,4,2,1.0,0.0,0.0,0.0,0.0,1.0,1.0,3.0,NIGHTLIFE
27644.748379840104,9214.916126613369,3,5,1,1.0,0.0,0.0,1.0,0.0,0.0,1.0,3.0,NIGHTLIFE
46104.735110966765,11526.183777741691,4,6,1,0.0,0.0,1.0,1.0,1.0,1.0,0.0,4.0,FAMILY
38042.40869788731,9510.602174471827,4,7,1,0.0,0.0,1.0,1.0,1.0,1.0,0.0,4.0,FAMILY
15679.04359663754,5226.347865545847,3,3,0,0.0,0.0,1.0,1.0,1.0,1.0,0.0,4.0,CULTURAL
26501.151881794493,8833.717293931497,3,3,1,0.0,0.0,1.0,1.0,1.0,1.0,0.0,4.0,CULTURAL
32472.363466669136,8118.090866667284,4,7,0,0.0,1.0,1.0,1.0,0.0,0.0,0.0,3.0,ADVENTURE
46095.544622805595,23047.772311402798,2,8,0,0.0,1.0,1.0,1.0,0.0,0.0,0.0,3.0,ADVENTURE
212718.88170917687,212718.88170917687,1,4,2,0.0,0.0,1.0,1.0,0.0,1.0,1.0,4.0,LUXURY
45502.09896150859,45502.09896150859,1,3,0,0.0,0.0,1.0,1.0,1.0,1.0,0.0,4.0,CULTURAL
45611.28774627409,15203.762582091362,3,5,1,0.0,1.0,1.0,1.0,0.0,0.0,0.0,3.0,ADVENTURE
29479.59307639488,7369.89826909872,4,5,0,0.0,1.0,1.0,1.0,0.0,0.0,0.0,3.0,ADVENTURE
27593.871522279827,9197.957174093275,3,3,0,0.0,0.0,1.0,1.0,1.0,1.0,0.0,4.0,CULTURAL
20587.146487070404,10293.573243535202,2,5,0,0.0,0.0,1.0,1.0,1.0,1.0,0.0,4.0,CULTURAL
42244.691467626326,21122.345733813163,2,5,0,0.0,1.0,1.0,1.0,0.0,0.0,0.0,3.0,ADVENTURE
48484.79476710744,24242.39738355372,2,4,0,0.0,1.0,1.0,1.0,0.0,0.0,0.0,3.0,ADVENTURE
58878.18951469928,14719.54737867482,4,4,1,0.0,1.0,1.0,1.0,0.0,0.0,0.0,3.0,ADVENTURE
183322.33456317082,183322.33456317082,1,5,2,0.0,0.0,1.0,1.0,0.0,1.0,1.0,4.0,LUXURY
31204.837121020468,10401.61237367349,3,5,0,0.0,1.0,1.0,1.0,0.0,0.0,0.0,3.0,ADVENTURE
149090.81121758316,149090.81121758316,1,7,2,0.0,0.0,1.0,1.0,0.0,1.0,1.0,4.0,LUXURY
60726.82236369841,20242.274121232804,3,4,0,0.0,1.0,1.0,1.0,0.0,0.0,0.0,3.0,ADVENTURE
34988.26068520801,11662.753561736004,3,5,1,0.0,0.0,1.0,1.0,1.0,1.0,0.0,4.0,CULTURAL
18996.432308299627,18996.432308299627,1,5,0,0.0,0.0,1.0,1.0,1.0,1.0,0.0,4.0,CULTURAL
34805.89187134061,8701.472967835152,4,7,0,0.0,1.0,1.0,1.0,0.0,0.0,0.0,3.0,ADVENTURE
47480.77066012971,15826.92355337657,3,3,1,1.0,0.0,0.0,1.0,0.0,0.0,1.0,3.0,NIGHTLIFE
10846.989049961601,10846.989049961601,1,4,0,0.0,0.0,1.0,1.0,1.0,0.0,0.0,3.0,BUDGET
38834.69424892707,19417.347124463537,2,5,2,1.0,0.0,0.0,1.0,0.0,0.0,1.0,3.0,NIGHTLIFE
48223.434505752986,24111.717252876493,2,5,2,1.0,0.0,0.0,1.0,0.0,0.0,1.0,3.0,NIGHTLIFE
209855.6050340364,69951.86834467879,3,4,2,0.0,0.0,1.0,1.0,0.0,1.0,1.0,4.0,LUXURY
70249.44998403848,14049.889996807697,5,7,2,0.0,0.0,1.0,1.0,1.0,1.0,0.0,4.0,FAMILY
45387.10765226426,45387.10765226426,1,5,1,0.0,0.0,1.0,1.0,1.0,1.0,0.0,4.0,CULTURAL
157979.8696634815,78989.93483174076,2,7,2,0.0,0.0,1.0,1.0,0.0,1.0,1.0,4.0,LUXURY
16168.465418657202,16168.465418657202,1,3,0,0.0,0.0,1.0,1.0,0.0,1.0,0.0,3.0,BUDGET
19297.5777053183,19297.5777053183,1,2,0,0.0,0.0,1.0,1.0,1.0,0.0,0.0,3.0,BUDGET
44387.897006104635,11096.974251526159,4,5,2,1.0,0.0,0.0,1.0,0.0,0.0,1.0,3.0,NIGHTLIFE
58425.07902052799,14606.269755131998,4,5,2,1.0,0.0,0.0,1.0,0.0,0.0,1.0,3.0,NIGHTLIFE
44836.343608708325,14945.447869569442,3,4,2,1.0,0.0,0.0,1.0,0.0,0.0,1.0,3.0,NIGHTLIFE
35519.47039787478,11839.82346595826,3,5,2,1.0,0.0,0.0,1.0,0.0,0.0,1.0,3.0,NIGHTLIFE
34921.94377366372,8730.48594341593,4,4,0,0.0,1.0,1.0,1.0,0.0,0.0,0.0,3.0,ADVENTURE
230797.26655598351,115398.63327799176,2,5,2,0.0,0.0,1.0,1.0,0.0,1.0,1.0,4.0,LUXURY
63209.41089814042,15802.352724535105,4,4,0,0.0,1.0,1.0,1.0,0.0,0.0,0.0,3.0,ADVENTURE
37672.72189475343,12557.573964917809,3,8,1,0.0,1.0,1.0,1.0,0.0,0.0,0.0,3.0,ADVENTURE
66820.10075328202,22273.366917760675,3,7,1,0.0,0.0,1.0,1.0,1.0,1.0,0.0,4.0,FAMILY
32174.30210744444,10724.767369148147,3,5,0,0.0,0.0,1.0,1.0,1.0,1.0,0.0,4.0,CULTURAL
12830.600523163766,12830.600523163766,1,3,0,0.0,0.0,1.0,1.0,0.0,1.0,0.0,3.0,BUDGET
17946.985689808127,17946.985689808127,1,3,0,0.0,0.0,1.0,1.0,1.0,0.0,0.0,3.0,BUDGET
43317.042272170525,21658.521136085263,2,3,2,1.0,0.0,0.0,0.0,0.0,1.0,1.0,3.0,NIGHTLIFE
37230.39322360581,12410.13107453527,3,7,1,0.0,1.0,1.0,1.0,0.0,0.0,0.0,3.0,ADVENTURE
52887.19547265693,13221.798868164233,4,4,2,1.0,0.0,0.0,0.0,0.0,1.0,1.0,3.0,NIGHTLIFE
58445.41941630372,29222.70970815186,2,3,2,1.0,0.0,0.0,1.0,0.0,0.0,1.0,3.0,NIGHTLIFE
21692.36812113596,7230.7893737119875,3,5,0,0.0,0.0,1.0,1.0,1.0,1.0,0.0,4.0,CULTURAL
70086.4041534896,17521.6010383724,4,6,2,0.0,0.0,1.0,1.0,1.0,1.0,0.0,4.0,FAMILY
124609.42400318132,124609.42400318132,1,7,2,0.0,0.0,1.0,1.0,0.0,1.0,1.0,4.0,LUXURY
39614.80189147877,13204.933963826255,3,3,1,0.0,0.0,1.0,1.0,1.0,1.0,0.0,4.0,CULTURAL
15525.78896931982,5175.262989773273,3,4,1,0.0,0.0,1.0,1.0,1.0,1.0,0.0,4.0,CULTURAL
26172.885422516596,8724.295140838865,3,3,1,0.0,0.0,1.0,1.0,1.0,1.0,0.0,4.0,CULTURAL
114723.59954918739,57361.799774593695,2,4,2,0.0,0.0,1.0,1.0,0.0,1.0,1.0,4.0,LUXURY
57111.860274592414,19037.28675819747,3,4,2,0.0,0.0,1.0,1.0,1.0,1.0,0.0,4.0,FAMILY
11428.545035382329,5714.2725176911645,2,2,0,0.0,0.0,1.0,1.0,0.0,1.0,0.0,3.0,BUDGET
35107.109803369814,8776.777450842454,4,6,1,0.0,1.0,1.0,1.0,0.0,0.0,0.0,3.0,ADVENTURE
52105.61249411719,13026.403123529297,4,5,2,1.0,0.0,0.0,0.0,0.0,1.0,1.0,3.0,NIGHTLIFE
8377.150228240811,8377.150228240811,1,2,0,0.0,0.0,1.0,1.0,0.0,1.0,0.0,3.0,BUDGET
25010.2167198215,8336.738906607166,3,5,0,0.0,1.0,1.0,1.0,0.0,0.0,0.0,3.0,ADVENTURE
38235.317671614794,7647.063534322959,5,7,1,0.0,0.0,1.0,1.0,1.0,1.0,0.0,4.0,FAMILY
14633.179602025879,14633.179602025879,1,4,0,0.0,0.0,1.0,1.0,0.0,1.0,0.0,3.0,BUDGET
17325.762991129242,8662.881495564621,2,4,0,0.0,0.0,1.0,1.0,1.0,0.0,0.0,3.0,BUDGET
50580.920432857296,12645.230108214324,4,4,0,0.0,1.0,1.0,1.0,0.0,0.0,0.0,3.0,ADVENTURE
40806.795692430045,20403.397846215023,2,5,1,1.0,0.0,0.0,1.0,0.0,0.0,1.0,3.0,NIGHTLIFE
180926.38538448466,60308.79512816155,3,4,2,0.0,0.0,1.0,1.0,0.0,1.0,1.0,4.0,LUXURY
25701.464462933112,8567.154820977705,3,6,1,0.0,0.0,1.0,1.0,1.0,1.0,0.0,4.0,CULTURAL
26253.9641339255,13126.98206696275,2,6,0,0.0,0.0,1.0,1.0,1.0,1.0,0.0,4.0,CULTURAL
53693.02018999736,26846.51009499868,2,5,2,1.0,0.0,0.0,1.0,0.0,0.0,1.0,3.0,NIGHTLIFE
26724.725135971836,6681.181283992959,4,4,2,1.0,0.0,0.0,1.0,0.0,0.0,1.0,3.0,NIGHTLIFE
63974.56954200256,15993.64238550064,4,8,1,0.0,1.0,1.0,1.0,0.0,0.0,0.0,3.0,ADVENTURE
109273.57150201761,109273.57150201761,1,6,2,0.0,0.0,1.0,1.0,0.0,1.0,1.0,4.0,LUXURY
29044.45832812723,9681.486109375744,3,5,1,0.0,1.0,1.0,1.0,0.0,0.0,0.0,3.0,ADVENTURE
64410.39329332977,10735.065548888295,6,4,1,0.0,0.0,1.0,1.0,1.0,1.0,0.0,4.0,FAMILY
159263.057859732,53087.68595324401,3,4,2,0.0,0.0,1.0,1.0,0.0,1.0,1.0,4.0,LUXURY
62836.83322706461,12567.366645412923,5,4,1,0.0,0.0,1.0,1.0,1.0,1.0,0.0,4.0,FAMILY
112338.74823942338,112338.74823942338,1,3,2,0.0,0.0,1.0,1.0,0.0,1.0,1.0,4.0,LUXURY
59670.12494832954,14917.531237082385,4,6,0,0.0,1.0,1.0,1.0,0.0,0.0,0.0,3.0,ADVENTURE
38610.984285766135,19305.492142883068,2,6,1,0.0,1.0,1.0,1.0,0.0,0.0,0.0,3.0,ADVENTURE
145931.82582708605,145931.82582708605,1,3,2,0.0,0.0,1.0,1.0,0.0,1.0,1.0,4.0,LUXURY
18927.48804248365,18927.48804248365,1,4,0,0.0,0.0,1.0,1.0,0.0,1.0,0.0,3.0,BUDGET
28661.402274154414,9553.800758051471,3,4,1,0.0,0.0,1.0,1.0,1.0,1.0,0.0,4.0,CULTURAL
45093.15740362712,22546.57870181356,2,3,2,1.0,0.0,0.0,1.0,0.0,0.0,1.0,3.0,NIGHTLIFE
16482.288126171406,16482.288126171406,1,4,0,0.0,0.0,1.0,1.0,1.0,0.0,0.0,3.0,BUDGET
67392.61987698679,33696.309938493396,2,5,1,0.0,1.0,1.0,1.0,0.0,0.0,0.0,3.0,ADVENTURE
37515.81199689756,12505.270665632519,3,6,1,0.0,1.0,1.0,1.0,0.0,0.0,0.0,3.0,ADVENTURE
225916.1734027572,112958.0867013786,2,6,2,0.0,0.0,1.0,1.0,0.0,1.0,1.0,4.0,LUXURY
77701.65637925203,25900.552126417344,3,7,1,0.0,0.0,1.0,1.0,1.0,1.0,0.0,4.0,FAMILY
39235.605864120356,19617.802932060178,2,3,2,1.0,0.0,0.0,1.0,0.0,0.0,1.0,3.0,NIGHTLIFE
39539.486574985174,13179.828858328392,3,5,0,0.0,1.0,1.0,1.0,0.0,0.0,0.0,3.0,ADVENTURE
14857.676302460128,7428.838151230064,2,2,0,0.0,0.0,1.0,1.0,1.0,0.0,0.0,3.0,BUDGET
25827.89967280045,25827.89967280045,1,3,1,0.0,0.0,1.0,1.0,1.0,1.0,0.0,4.0,CULTURAL
120223.66306027625,120223.66306027625,1,5,2,0.0,0.0,1.0,1.0,0.0,1.0,1.0,4.0,LUXURY
45864.01775794647,11466.004439486618,4,5,1,1.0,0.0,0.0,1.0,0.0,0.0,1.0,3.0,NIGHTLIFE
34968.27724508976,11656.09241502992,3,7,1,0.0,1.0,1.0,1.0,0.0,0.0,0.0,3.0,ADVENTURE
50078.97588914388,25039.48794457194,2,4,1,0.0,1.0,1.0,1.0,0.0,0.0,0.0,3.0,ADVENTURE
162600.55305223423,81300.27652611712,2,4,2,0.0,0.0,1.0,1.0,0.0,1.0,1.0,4.0,LUXURY
53882.43307935598,26941.21653967799,2,5,2,1.0,0.0,0.0,0.0,0.0,1.0,1.0,3.0,NIGHTLIFE
43841.38986175258,8768.277972350515,5,5,1,0.0,0.0,1.0,1.0,1.0,1.0,0.0,4.0,FAMILY
50070.88692156373,25035.443460781866,2,4,1,1.0,0.0,0.0,0.0,0.0,1.0,1.0,3.0,NIGHTLIFE
28289.69199075513,14144.845995377565,2,5,1,1.0,0.0,0.0,1.0,0.0,0.0,1.0,3.0,NIGHTLIFE
55098.801866179274,13774.700466544818,4,5,1,1.0,0.0,0.0,0.0,0.0,1.0,1.0,3.0,NIGHTLIFE
40425.52571786679,8085.105143573358,5,4,1,0.0,0.0,1.0,1.0,1.0,1.0,0.0,4.0,FAMILY
67962.43665304214,11327.072775507024,6,7,1,0.0,0.0,1.0,1.0,1.0,1.0,0.0,4.0,FAMILY
73990.82429709693,18497.706074274232,4,6,1,0.0,0.0,1.0,1.0,1.0,1.0,0.0,4.0,FAMILY
16245.986064839974,16245.986064839974,1,3,0,0.0,0.0,1.0,1.0,1.0,0.0,0.0,3.0,BUDGET
51374.484396030755,10274.896879206151,5,7,2,0.0,0.0,1.0,1.0,1.0,1.0,0.0,4.0,FAMILY
48737.0604225616,24368.5302112808,2,6,0,0.0,0.0,1.0,1.0,1.0,1.0,0.0,4.0,CULTURAL
40802.96244444601,10200.740611111503,4,5,2,1.0,0.0,0.0,1.0,0.0,0.0,1.0,3.0,NIGHTLIFE
24039.124272710444,6009.781068177611,4,3,2,1.0,0.0,0.0,0.0,0.0,1.0,1.0,3.0,NIGHTLIFE
47221.98478487715,47221.98478487715,1,5,1,0.0,0.0,1.0,1.0,1.0,1.0,0.0,4.0,CULTURAL
246421.05049529253,82140.35016509751,3,7,2,0.0,0.0,1.0,1.0,0.0,1.0,1.0,4.0,LUXURY
15906.362458731981,5302.120819577327,3,5,0,0.0,0.0,1.0,1.0,1.0,1.0,0.0,4.0,CULTURAL
42781.59118268415,10695.397795671037,4,3,1,1.0,0.0,0.0,1.0,0.0,0.0,1.0,3.0,NIGHTLIFE
35549.15200051816,8887.28800012954,4,4,0,0.0,1.0,1.0,1.0,0.0,0.0,0.0,3.0,ADVENTURE
55634.22139932587,18544.740466441956,3,4,2,1.0,0.0,0.0,0.0,0.0,1.0,1.0,3.0,NIGHTLIFE
249578.08229935475,83192.69409978492,3,3,2,0.0,0.0,1.0,1.0,0.0,1.0,1.0,4.0,LUXURY
14444.989126359866,14444.989126359866,1,2,0,0.0,0.0,1.0,1.0,0.0,1.0,0.0,3.0,BUDGET
37184.34368529453,9296.085921323633,4,3,2,1.0,0.0,0.0,0.0,0.0,1.0,1.0,3.0,NIGHTLIFE
33380.62817961074,11126.876059870248,3,7,2,0.0,0.0,1.0,1.0,1.0,1.0,0.0,4.0,FAMILY
31276.761716189165,10425.587238729722,3,3,2,1.0,0.0,0.0,0.0,0.0,1.0,1.0,3.0,NIGHTLIFE
36272.19203806894,9068.048009517235,4,5,2,1.0,0.0,0.0,0.0,0.0,1.0,1.0,3.0,NIGHTLIFE
49504.9896094604,12376.2474023651,4,6,1,0.0,1.0,1.0,1.0,0.0,0.0,0.0,3.0,ADVENTURE
59463.63897481339,29731.819487406694,2,5,1,0.0,1.0,1.0,1.0,0.0,0.0,0.0,3.0,ADVENTURE
28031.959218486656,14015.979609243328,2,6,0,0.0,1.0,1.0,1.0,0.0,0.0,0.0,3.0,ADVENTURE
45373.58958844817,22686.794794224086,2,4,1,1.0,0.0,0.0,0.0,0.0,1.0,1.0,3.0,NIGHTLIFE
39787.007583651335,19893.503791825668,2,3,1,1.0,0.0,0.0,0.0,0.0,1.0,1.0,3.0,NIGHTLIFE
48518.40031435223,16172.800104784075,3,4,1,1.0,0.0,0.0,0.0,0.0,1.0,1.0,3.0,NIGHTLIFE
234977.59533044085,234977.59533044085,1,5,2,0.0,0.0,1.0,1.0,0.0,1.0,1.0,4.0,LUXURY
246566.60101475948,123283.30050737974,2,4,2,0.0,0.0,1.0,1.0,0.0,1.0,1.0,4.0,LUXURY
41096.99163821757,13698.99721273919,3,5,1,0.0,0.0,1.0,1.0,1.0,1.0,0.0,4.0,CULTURAL
36895.38088737224,12298.460295790746,3,5,1,1.0,0.0,0.0,0.0,0.0,1.0,1.0,3.0,NIGHTLIFE
16779.773063595683,8389.886531797842,2,3,0,0.0,0.0,1.0,1.0,1.0,0.0,0.0,3.0,BUDGET
25070.145207151025,12535.072603575512,2,4,1,0.0,0.0,1.0,1.0,1.0,1.0,0.0,4.0,CULTURAL
18564.654279983395,9282.327139991698,2,3,1,0.0,0.0,1.0,1.0,1.0,1.0,0.0,4.0,CULTURAL
31937.396494475066,7984.3491236187665,4,5,2,1.0,0.0,0.0,0.0,0.0,1.0,1.0,3.0,NIGHTLIFE
64528.71383702327,32264.356918511636,2,7,1,0.0,1.0,1.0,1.0,0.0,0.0,0.0,3.0,ADVENTURE
29436.740360887143,14718.370180443571,2,6,1,0.0,1.0,1.0,1.0,0.0,0.0,0.0,3.0,ADVENTURE
74512.9026508901,18628.225662722525,4,5,1,0.0,0.0,1.0,1.0,1.0,1.0,0.0,4.0,FAMILY
31358.37106127799,10452.79035375933,3,7,1,0.0,0.0,1.0,1.0,1.0,1.0,0.0,4.0,FAMILY
49224.879272562364,16408.29309085412,3,6,0,0.0,0.0,1.0,1.0,1.0,1.0,0.0,4.0,CULTURAL
73431.15839778054,24477.052799260182,3,7,2,0.0,0.0,1.0,1.0,1.0,1.0,0.0,4.0,FAMILY
11055.687857165167,11055.687857165167,1,2,0,0.0,0.0,1.0,1.0,1.0,0.0,0.0,3.0,BUDGET
15277.148715915078,15277.148715915078,1,3,0,0.0,0.0,1.0,1.0,1.0,0.0,0.0,3.0,BUDGET
62063.062483703805,15515.765620925951,4,8,0,0.0,1.0,1.0,1.0,0.0,0.0,0.0,3.0,ADVENTURE
52295.13531883742,13073.783829709355,4,5,1,0.0,0.0,1.0,1.0,1.0,1.0,0.0,4.0,FAMILY
19975.20932640005,9987.604663200025,2,2,0,0.0,0.0,1.0,1.0,0.0,1.0,0.0,3.0,BUDGET
33524.360685025655,16762.180342512827,2,5,0,0.0,0.0,1.0,1.0,1.0,1.0,0.0,4.0,CULTURAL
14646.25141281585,7323.125706407925,2,2,0,0.0,0.0,1.0,1.0,0.0,1.0,0.0,3.0,BUDGET
51495.481070093316,25747.740535046658,2,4,1,1.0,0.0,0.0,1.0,0.0,0.0,1.0,3.0,NIGHTLIFE
20182.09158210904,10091.04579105452,2,3,1,0.0,0.0,1.0,1.0,1.0,1.0,0.0,4.0,CULTURAL
238931.81791426646,119465.90895713323,2,5,2,0.0,0.0,1.0,1.0,0.0,1.0,1.0,4.0,LUXURY
28827.53734701585,14413.768673507924,2,5,0,0.0,1.0,1.0,1.0,0.0,0.0,0.0,3.0,ADVENTURE
104415.63427169876,34805.211423899585,3,6,2,0.0,0.0,1.0,1.0,0.0,1.0,1.0,4.0,LUXURY
45876.572393836854,9175.31447876737,5,4,1,0.0,0.0,1.0,1.0,1.0,1.0,0.0,4.0,FAMILY
12785.893309334637,12785.893309334637,1,2,0,0.0,0.0,1.0,1.0,1.0,0.0,0.0,3.0,BUDGET
68861.07682218481,17215.269205546203,4,4,1,0.0,1.0,1.0,1.0,0.0,0.0,0.0,3.0,ADVENTURE
155848.9744281584,51949.65814271947,3,3,2,0.0,0.0,1.0,1.0,0.0,1.0,1.0,4.0,LUXURY
54677.33873407535,18225.779578025114,3,4,2,1.0,0.0,0.0,1.0,0.0,0.0,1.0,3.0,NIGHTLIFE
36114.93130530549,9028.732826326372,4,5,2,1.0,0.0,0.0,1.0,0.0,0.0,1.0,3.0,NIGHTLIFE
15449.668213065095,7724.834106532548,2,2,0,0.0,0.0,1.0,1.0,0.0,1.0,0.0,3.0,BUDGET
10786.552341761808,10786.552341761808,1,4,0,0.0,0.0,1.0,1.0,1.0,0.0,0.0,3.0,BUDGET
61911.399352520035,20637.133117506677,3,4,0,0.0,1.0,1.0,1.0,0.0,0.0,0.0,3.0,ADVENTURE
121183.71678941046,60591.85839470523,2,6,2,0.0,0.0,1.0,1.0,0.0,1.0,1.0,4.0,LUXURY
45438.264823151774,11359.566205787944,4,7,1,0.0,1.0,1.0,1.0,0.0,0.0,0.0,3.0,ADVENTURE
116966.99847693011,38988.99949231004,3,7,2,0.0,0.0,1.0,1.0,0.0,1.0,1.0,4.0,LUXURY
11072.819873135888,11072.819873135888,1,2,0,0.0,0.0,1.0,1.0,1.0,0.0,0.0,3.0,BUDGET
43196.290108501016,14398.763369500339,3,6,0,0.0,0.0,1.0,1.0,1.0,1.0,0.0,4.0,CULTURAL
47784.86392094205,15928.28797364735,3,5,0,0.0,1.0,1.0,1.0,0.0,0.0,0.0,3.0,ADVENTURE
67933.81950555024,11322.30325092504,6,6,2,0.0,0.0,1.0,1.0,1.0,1.0,0.0,4.0,FAMILY
24931.09284861596,12465.54642430798,2,3,1,0.0,0.0,1.0,1.0,1.0,1.0,0.0,4.0,CULTURAL
25851.190840435753,12925.595420217876,2,3,0,0.0,0.0,1.0,1.0,1.0,1.0,0.0,4.0,CULTURAL
34730.79855058898,17365.39927529449,2,3,1,0.0,0.0,1.0,1.0,1.0,1.0,0.0,4.0,CULTURAL
20826.854755676177,6942.284918558726,3,5,2,1.0,0.0,0.0,0.0,0.0,1.0,1.0,3.0,NIGHTLIFE
28089.189976654252,14044.594988327126,2,4,0,0.0,1.0,1.0,1.0,0.0,0.0,0.0,3.0,ADVENTURE
51349.53004300946,12837.382510752364,4,4,1,1.0,0.0,0.0,1.0,0.0,0.0,1.0,3.0,NIGHTLIFE
100526.92810243562,50263.46405121781,2,4,2,0.0,0.0,1.0,1.0,0.0,1.0,1.0,4.0,LUXURY
42716.09905891584,10679.02476472896,4,6,1,0.0,0.0,1.0,1.0,1.0,1.0,0.0,4.0,FAMILY
12517.560402536596,12517.560402536596,1,3,0,0.0,0.0,1.0,1.0,0.0,1.0,0.0,3.0,BUDGET
27833.3233653708,9277.774455123601,3,3,2,1.0,0.0,0.0,0.0,0.0,1.0,1.0,3.0,NIGHTLIFE
36562.24388411938,12187.414628039793,3,7,1,0.0,0.0,1.0,1.0,1.0,1.0,0.0,4.0,FAMILY
98227.80701544287,32742.602338480956,3,5,2,0.0,0.0,1.0,1.0,0.0,1.0,1.0,4.0,LUXURY
42736.12210521827,14245.374035072755,3,6,0,0.0,1.0,1.0,1.0,0.0,0.0,0.0,3.0,ADVENTURE
66775.28032437689,22258.426774792297,3,5,2,0.0,0.0,1.0,1.0,1.0,1.0,0.0,4.0,FAMILY
57959.24034146632,9659.873390244387,6,6,1,0.0,0.0,1.0,1.0,1.0,1.0,0.0,4.0,FAMILY
38555.285820103694,12851.761940034565,3,6,0,0.0,0.0,1.0,1.0,1.0,1.0,0.0,4.0,CULTURAL
31929.984133674963,31929.984133674963,1,6,0,0.0,0.0,1.0,1.0,1.0,1.0,0.0,4.0,CULTURAL
52016.17091841745,13004.042729604362,4,5,1,0.0,0.0,1.0,1.0,1.0,1.0,0.0,4.0,FAMILY
41918.77102275547,13972.923674251824,3,3,1,0.0,0.0,1.0,1.0,1.0,1.0,0.0,4.0,CULTURAL
25008.39376767984,6252.09844191996,4,8,1,0.0,1.0,1.0,1.0,0.0,0.0,0.0,3.0,ADVENTURE
38694.762460974365,9673.690615243591,4,6,1,0.0,0.0,1.0,1.0,1.0,1.0,0.0,4.0,FAMILY
27799.00799601157,9266.335998670524,3,3,2,1.0,0.0,0.0,0.0,0.0,1.0,1.0,3.0,NIGHTLIFE
26150.64095903806,13075.32047951903,2,4,1,0.0,1.0,1.0,1.0,0.0,0.0,0.0,3.0,ADVENTURE
218676.71470644054,109338.35735322027,2,7,2,0.0,0.0,1.0,1.0,0.0,1.0,1.0,4.0,LUXURY
32970.72148892143,16485.360744460715,2,6,1,0.0,1.0,1.0,1.0,0.0,0.0,0.0,3.0,ADVENTURE
56003.32732065923,28001.663660329614,2,3,2,1.0,0.0,0.0,1.0,0.0,0.0,1.0,3.0,NIGHTLIFE
43940.37465106767,14646.79155035589,3,6,0,0.0,0.0,1.0,1.0,1.0,1.0,0.0,4.0,CULTURAL
162132.8897461349,81066.44487306745,2,6,2,0.0,0.0,1.0,1.0,0.0,1.0,1.0,4.0,LUXURY
77978.83221605167,12996.472036008612,6,4,2,0.0,0.0,1.0,1.0,1.0,1.0,0.0,4.0,FAMILY
11010.326328159934,5505.163164079967,2,2,0,0.0,0.0,1.0,1.0,0.0,1.0,0.0,3.0,BUDGET
32218.83317666184,8054.70829416546,4,7,1,0.0,0.0,1.0,1.0,1.0,1.0,0.0,4.0,FAMILY
36919.07461318494,12306.35820439498,3,3,0,0.0,0.0,1.0,1.0,1.0,1.0,0.0,4.0,CULTURAL
236265.3652791333,236265.3652791333,1,4,2,0.0,0.0,1.0,1.0,0.0,1.0,1.0,4.0,LUXURY
32157.700490201092,8039.425122550273,4,5,2,1.0,0.0,0.0,0.0,0.0,1.0,1.0,3.0,NIGHTLIFE
51516.85887544606,17172.28629181535,3,6,1,0.0,0.0,1.0,1.0,1.0,1.0,0.0,4.0,FAMILY
24818.473764939034,12409.236882469517,2,6,0,0.0,0.0,1.0,1.0,1.0,1.0,0.0,4.0,CULTURAL
8185.479398346409,4092.7396991732044,2,2,0,0.0,0.0,1.0,1.0,1.0,0.0,0.0,3.0,BUDGET
42941.15805822293,21470.579029111464,2,5,2,1.0,0.0,0.0,0.0,0.0,1.0,1.0,3.0,NIGHTLIFE
38442.71033388431,9610.677583471077,4,4,1,0.0,0.0,1.0,1.0,1.0,1.0,0.0,4.0,FAMILY
25716.857216872842,8572.285738957615,3,3,1,0.0,0.0,1.0,1.0,1.0,1.0,0.0,4.0,CULTURAL
38454.05351779963,9613.513379449907,4,7,1,0.0,0.0,1.0,1.0,1.0,1.0,0.0,4.0,FAMILY
62606.16227652189,20868.72075884063,3,4,1,0.0,0.0,1.0,1.0,1.0,1.0,0.0,4.0,FAMILY
48908.230825791936,24454.115412895968,2,8,0,0.0,1.0,1.0,1.0,0.0,0.0,0.0,3.0,ADVENTURE
147903.48743524525,49301.162478415084,3,6,2,0.0,0.0,1.0,1.0,0.0,1.0,1.0,4.0,LUXURY
52872.548621492584,17624.18287383086,3,5,1,0.0,1.0,1.0,1.0,0.0,0.0,0.0,3.0,ADVENTURE
224240.20164906498,74746.73388302166,3,6,2,0.0,0.0,1.0,1.0,0.0,1.0,1.0,4.0,LUXURY
18319.284880835847,18319.284880835847,1,2,0,0.0,0.0,1.0,1.0,1.0,0.0,0.0,3.0,BUDGET
9062.520927363417,4531.260463681709,2,2,0,0.0,0.0,1.0,1.0,0.0,1.0,0.0,3.0,BUDGET
11740.664813546578,11740.664813546578,1,4,0,0.0,0.0,1.0,1.0,1.0,0.0,0.0,3.0,BUDGET
17885.164520664675,17885.164520664675,1,6,1,0.0,0.0,1.0,1.0,1.0,1.0,0.0,4.0,CULTURAL
24213.819379253327,8071.2731264177755,3,3,2,1.0,0.0,0.0,1.0,0.0,0.0,1.0,3.0,NIGHTLIFE
172031.64852734245,172031.64852734245,1,5,2,0.0,0.0,1.0,1.0,0.0,1.0,1.0,4.0,LUXURY
31658.436539751754,7914.6091349379385,4,4,1,1.0,0.0,0.0,0.0,0.0,1.0,1.0,3.0,NIGHTLIFE
46349.570212933075,11587.392553233269,4,8,0,0.0,1.0,1.0,1.0,0.0,0.0,0.0,3.0,ADVENTURE
186323.6865283209,93161.84326416044,2,5,2,0.0,0.0,1.0,1.0,0.0,1.0,1.0,4.0,LUXURY
139828.06102440206,139828.06102440206,1,7,2,0.0,0.0,1.0,1.0,0.0,1.0,1.0,4.0,LUXURY
42989.21517009769,14329.738390032564,3,3,1,0.0,0.0,1.0,1.0,1.0,1.0,0.0,4.0,CULTURAL
36975.23391007355,12325.077970024517,3,3,0,0.0,0.0,1.0,1.0,1.0,1.0,0.0,4.0,CULTURAL
49962.931147705945,16654.31038256865,3,6,1,0.0,1.0,1.0,1.0,0.0,0.0,0.0,3.0,ADVENTURE
76131.15290438948,25377.050968129828,3,7,1,0.0,0.0,1.0,1.0,1.0,1.0,0.0,4.0,FAMILY
37960.047412858825,12653.349137619609,3,3,1,0.0,0.0,1.0,1.0,1.0,1.0,0.0,4.0,CULTURAL
93885.56002728018,46942.78001364009,2,7,2,0.0,0.0,1.0,1.0,0.0,1.0,1.0,4.0,LUXURY
29381.51022060495,14690.755110302474,2,5,1,0.0,1.0,1.0,1.0,0.0,0.0,0.0,3.0,ADVENTURE
30135.300835077604,15067.650417538802,2,5,0,0.0,0.0,1.0,1.0,1.0,1.0,0.0,4.0,CULTURAL
45220.050508261855,22610.025254130927,2,4,1,0.0,0.0,1.0,1.0,1.0,1.0,0.0,4.0,CULTURAL
37945.40838346768,6324.234730577947,6,7,1,0.0,0.0,1.0,1.0,1.0,1.0,0.0,4.0,FAMILY
17488.87478747029,8744.437393735145,2,4,0,0.0,0.0,1.0,1.0,1.0,1.0,0.0,4.0,CULTURAL
244266.6306171916,122133.3153085958,2,4,2,0.0,0.0,1.0,1.0,0.0,1.0,1.0,4.0,LUXURY
37932.762214776885,18966.381107388443,2,5,2,1.0,0.0,0.0,0.0,0.0,1.0,1.0,3.0,NIGHTLIFE
61347.30189916658,15336.825474791645,4,5,0,0.0,1.0,1.0,1.0,0.0,0.0,0.0,3.0,ADVENTURE
15418.616759795133,15418.616759795133,1,3,0,0.0,0.0,1.0,1.0,1.0,0.0,0.0,3.0,BUDGET
46294.13928680514,11573.534821701285,4,4,2,1.0,0.0,0.0,1.0,0.0,0.0,1.0,3.0,NIGHTLIFE
34869.669627677606,11623.22320922587,3,6,1,0.0,0.0,1.0,1.0,1.0,1.0,0.0,4.0,FAMILY
11884.150836850924,11884.150836850924,1,2,0,0.0,0.0,1.0,1.0,0.0,1.0,0.0,3.0,BUDGET
226783.36822419538,75594.45607473179,3,3,2,0.0,0.0,1.0,1.0,0.0,1.0,1.0,4.0,LUXURY
9043.100179404191,4521.550089702096,2,4,0,0.0,0.0,1.0,1.0,1.0,0.0,0.0,3.0,BUDGET
16153.175388593549,16153.175388593549,1,6,0,0.0,0.0,1.0,1.0,1.0,1.0,0.0,4.0,CULTURAL
22738.34877334312,7579.449591114374,3,3,1,1.0,0.0,0.0,0.0,0.0,1.0,1.0,3.0,NIGHTLIFE
66644.94591706709,11107.490986177849,6,5,1,0.0,0.0,1.0,1.0,1.0,1.0,0.0,4.0,FAMILY
61269.050539041265,30634.525269520633,2,7,1,0.0,1.0,1.0,1.0,0.0,0.0,0.0,3.0,ADVENTURE
58056.92883382264,14514.23220845566,4,3,2,1.0,0.0,0.0,1.0,0.0,0.0,1.0,3.0,NIGHTLIFE
31733.513336324166,6346.7026672648335,5,6,1,0.0,0.0,1.0,1.0,1.0,1.0,0.0,4.0,FAMILY
48801.96553595005,24400.982767975023,2,4,1,0.0,0.0,1.0,1.0,1.0,1.0,0.0,4.0,CULTURAL
52297.91535051607,10459.583070103214,5,6,1,0.0,0.0,1.0,1.0,1.0,1.0,0.0,4.0,FAMILY
28297.350183670507,28297.350183670507,1,4,1,0.0,0.0,1.0,1.0,1.0,1.0,0.0,4.0,CULTURAL
61754.45529548594,10292.409215914324,6,5,1,0.0,0.0,1.0,1.0,1.0,1.0,0.0,4.0,FAMILY
85848.5454370879,85848.5454370879,1,7,2,0.0,0.0,1.0,1.0,0.0,1.0,1.0,4.0,LUXURY
61843.31032678229,20614.436775594095,3,4,0,0.0,1.0,1.0,1.0,0.0,0.0,0.0,3.0,ADVENTURE
37647.238757510015,12549.079585836671,3,7,0,0.0,1.0,1.0,1.0,0.0,0.0,0.0,3.0,ADVENTURE
55521.562574404714,27760.781287202357,2,4,2,1.0,0.0,0.0,1.0,0.0,0.0,1.0,3.0,NIGHTLIFE
46173.68021970879,11543.420054927197,4,4,2,1.0,0.0,0.0,0.0,0.0,1.0,1.0,3.0,NIGHTLIFE
219486.27571945856,109743.13785972928,2,4,2,0.0,0.0,1.0,1.0,0.0,1.0,1.0,4.0,LUXURY
155738.0284638374,77869.0142319187,2,5,2,0.0,0.0,1.0,1.0,0.0,1.0,1.0,4.0,LUXURY
75933.88984967521,25311.296616558404,3,6,2,0.0,0.0,1.0,1.0,1.0,1.0,0.0,4.0,FAMILY
178806.63117319517,178806.63117319517,1,5,2,0.0,0.0,1.0,1.0,0.0,1.0,1.0,4.0,LUXURY
8542.727466926457,4271.3637334632285,2,2,0,0.0,0.0,1.0,1.0,0.0,1.0,0.0,3.0,BUDGET
13931.286201659257,6965.643100829629,2,2,0,0.0,0.0,1.0,1.0,1.0,0.0,0.0,3.0,BUDGET
20562.366839546004,6854.122279848668,3,3,0,0.0,0.0,1.0,1.0,1.0,1.0,0.0,4.0,CULTURAL
42920.25072811053,14306.750242703509,3,6,1,0.0,1.0,1.0,1.0,0.0,0.0,0.0,3.0,ADVENTURE
37067.8465485211,12355.948849507033,3,5,0,0.0,1.0,1.0,1.0,0.0,0.0,0.0,3.0,ADVENTURE
192489.65373182893,96244.82686591447,2,5,2,0.0,0.0,1.0,1.0,0.0,1.0,1.0,4.0,LUXURY
35615.21722056096,11871.73907352032,3,6,1,0.0,0.0,1.0,1.0,1.0,1.0,0.0,4.0,FAMILY
11216.763689874515,11216.763689874515,1,2,0,0.0,0.0,1.0,1.0,0.0,1.0,0.0,3.0,BUDGET
38037.99480241541,6339.665800402568,6,5,1,0.0,0.0,1.0,1.0,1.0,1.0,0.0,4.0,FAMILY
74811.06513425191,24937.021711417303,3,5,1,0.0,0.0,1.0,1.0,1.0,1.0,0.0,4.0,FAMILY
15600.810251800709,7800.4051259003545,2,4,0,0.0,0.0,1.0,1.0,1.0,0.0,0.0,3.0,BUDGET
42723.70049351469,21361.850246757345,2,3,1,1.0,0.0,0.0,1.0,0.0,0.0,1.0,3.0,NIGHTLIFE
63923.31723018409,21307.772410061363,3,5,0,0.0,1.0,1.0,1.0,0.0,0.0,0.0,3.0,ADVENTURE
15351.644336919106,7675.822168459553,2,6,1,0.0,0.0,1.0,1.0,1.0,1.0,0.0,4.0,CULTURAL
36909.14547575729,9227.286368939322,4,3,2,1.0,0.0,0.0,0.0,0.0,1.0,1.0,3.0,NIGHTLIFE
37204.115061192,9301.028765298,4,5,2,1.0,0.0,0.0,1.0,0.0,0.0,1.0,3.0,NIGHTLIFE
97638.57840109558,97638.57840109558,1,4,2,0.0,0.0,1.0,1.0,0.0,1.0,1.0,4.0,LUXURY
12472.242405128593,6236.121202564296,2,4,0,0.0,0.0,1.0,1.0,0.0,1.0,0.0,3.0,BUDGET
59214.749637687404,19738.249879229134,3,4,1,1.0,0.0,0.0,1.0,0.0,0.0,1.0,3.0,NIGHTLIFE
50154.602953477,25077.3014767385,2,5,1,1.0,0.0,0.0,1.0,0.0,0.0,1.0,3.0,NIGHTLIFE
57171.536090482376,19057.178696827457,3,5,2,1.0,0.0,0.0,1.0,0.0,0.0,1.0,3.0,NIGHTLIFE
38448.372180072634,38448.372180072634,1,4,1,0.0,0.0,1.0,1.0,1.0,1.0,0.0,4.0,CULTURAL
130472.2646255673,65236.13231278365,2,3,2,0.0,0.0,1.0,1.0,0.0,1.0,1.0,4.0,LUXURY
27308.2232041547,13654.11160207735,2,8,0,0.0,1.0,1.0,1.0,0.0,0.0,0.0,3.0,ADVENTURE
58099.642373340335,19366.54745778011,3,7,1,0.0,0.0,1.0,1.0,1.0,1.0,0.0,4.0,FAMILY
28748.62451991709,7187.156129979273,4,4,2,1.0,0.0,0.0,0.0,0.0,1.0,1.0,3.0,NIGHTLIFE
47086.09649830695,11771.524124576737,4,4,2,1.0,0.0,0.0,1.0,0.0,0.0,1.0,3.0,NIGHTLIFE
53248.54367038014,13312.135917595035,4,6,0,0.0,1.0,1.0,1.0,0.0,0.0,0.0,3.0,ADVENTURE
165834.94671252367,82917.47335626183,2,4,2,0.0,0.0,1.0,1.0,0.0,1.0,1.0,4.0,LUXURY
15229.291110813429,7614.645555406714,2,4,0,0.0,0.0,1.0,1.0,1.0,0.0,0.0,3.0,BUDGET
30329.240786646402,7582.3101966616005,4,5,1,1.0,0.0,0.0,1.0,0.0,0.0,1.0,3.0,NIGHTLIFE
25596.866266609875,12798.433133304938,2,4,0,0.0,0.0,1.0,1.0,1.0,1.0,0.0,4.0,CULTURAL
11964.181775370967,11964.181775370967,1,2,0,0.0,0.0,1.0,1.0,1.0,0.0,0.0,3.0,BUDGET
37497.17925209527,18748.589626047637,2,4,0,0.0,0.0,1.0,1.0,1.0,1.0,0.0,4.0,CULTURAL
73993.133868058,14798.626773611599,5,4,2,0.0,0.0,1.0,1.0,1.0,1.0,0.0,4.0,FAMILY
69395.09941461324,11565.84990243554,6,4,1,0.0,0.0,1.0,1.0,1.0,1.0,0.0,4.0,FAMILY
40946.97323437609,10236.743308594023,4,6,0,0.0,1.0,1.0,1.0,0.0,0.0,0.0,3.0,ADVENTURE
35704.78924439667,8926.197311099168,4,4,2,0.0,0.0,1.0,1.0,1.0,1.0,0.0,4.0,FAMILY
45603.93110979158,22801.96555489579,2,5,1,0.0,0.0,1.0,1.0,1.0,1.0,0.0,4.0,CULTURAL
39289.73651159148,13096.57883719716,3,8,0,0.0,1.0,1.0,1.0,0.0,0.0,0.0,3.0,ADVENTURE
35574.74248906112,17787.37124453056,2,8,1,0.0,1.0,1.0,1.0,0.0,0.0,0.0,3.0,ADVENTURE
28629.627167058166,14314.813583529083,2,5,1,1.0,0.0,0.0,0.0,0.0,1.0,1.0,3.0,NIGHTLIFE
187640.37473228129,93820.18736614064,2,3,2,0.0,0.0,1.0,1.0,0.0,1.0,1.0,4.0,LUXURY
43348.66472512295,14449.554908374317,3,6,1,0.0,1.0,1.0,1.0,0.0,0.0,0.0,3.0,ADVENTURE
67135.32605999905,11189.221009999841,6,4,1,0.0,0.0,1.0,1.0,1.0,1.0,0.0,4.0,FAMILY
116818.46155663095,38939.48718554365,3,5,2,0.0,0.0,1.0,1.0,0.0,1.0,1.0,4.0,LUXURY
41512.3084213935,8302.4616842787,5,7,2,0.0,0.0,1.0,1.0,1.0,1.0,0.0,4.0,FAMILY
52112.43739298002,17370.812464326675,3,4,1,1.0,0.0,0.0,1.0,0.0,0.0,1.0,3.0,NIGHTLIFE
52053.91967495234,26026.95983747617,2,4,1,1.0,0.0,0.0,0.0,0.0,1.0,1.0,3.0,NIGHTLIFE
78654.88740351732,15730.977480703465,5,6,2,0.0,0.0,1.0,1.0,1.0,1.0,0.0,4.0,FAMILY
34130.88317296343,5688.480528827239,6,7,1,0.0,0.0,1.0,1.0,1.0,1.0,0.0,4.0,FAMILY
15138.598005424996,5046.199335141665,3,5,1,0.0,0.0,1.0,1.0,1.0,1.0,0.0,4.0,CULTURAL
209576.0499134101,104788.02495670505,2,7,2,0.0,0.0,1.0,1.0,0.0,1.0,1.0,4.0,LUXURY
30571.05052634557,10190.350175448524,3,4,1,1.0,0.0,0.0,0.0,0.0,1.0,1.0,3.0,NIGHTLIFE
218313.4982724505,109156.74913622525,2,5,2,0.0,0.0,1.0,1.0,0.0,1.0,1.0,4.0,LUXURY
55894.63463163728,13973.65865790932,4,5,1,1.0,0.0,0.0,0.0,0.0,1.0,1.0,3.0,NIGHTLIFE
31700.123159616727,31700.123159616727,1,3,1,0.0,0.0,1.0,1.0,1.0,1.0,0.0,4.0,CULTURAL
10079.53184085015,10079.53184085015,1,4,0,0.0,0.0,1.0,1.0,0.0,1.0,0.0,3.0,BUDGET
65953.87236769278,13190.774473538555,5,7,1,0.0,0.0,1.0,1.0,1.0,1.0,0.0,4.0,FAMILY
47547.26171009827,47547.26171009827,1,5,1,0.0,0.0,1.0,1.0,1.0,1.0,0.0,4.0,CULTURAL
187624.47150436052,93812.23575218026,2,3,2,0.0,0.0,1.0,1.0,0.0,1.0,1.0,4.0,LUXURY
54966.82728628104,27483.41364314052,2,5,2,1.0,0.0,0.0,0.0,0.0,1.0,1.0,3.0,NIGHTLIFE
118392.73747797664,39464.24582599221,3,5,2,0.0,0.0,1.0,1.0,0.0,1.0,1.0,4.0,LUXURY
41290.301245959046,20645.150622979523,2,4,1,1.0,0.0,0.0,0.0,0.0,1.0,1.0,3.0,NIGHTLIFE
15885.335942002002,15885.335942002002,1,3,0,0.0,0.0,1.0,1.0,1.0,0.0,0.0,3.0,BUDGET
66323.08575565025,22107.695251883415,3,7,2,0.0,0.0,1.0,1.0,1.0,1.0,0.0,4.0,FAMILY
33928.947239003886,16964.473619501943,2,6,1,0.0,0.0,1.0,1.0,1.0,1.0,0.0,4.0,CULTURAL
44592.87837941961,14864.292793139872,3,5,0,0.0,0.0,1.0,1.0,1.0,1.0,0.0,4.0,CULTURAL
32025.483549965607,16012.741774982804,2,5,0,0.0,0.0,1.0,1.0,1.0,1.0,0.0,4.0,CULTURAL
63367.519902321415,12673.503980464284,5,4,1,0.0,0.0,1.0,1.0,1.0,1.0,0.0,4.0,FAMILY
16459.106596267437,8229.553298133718,2,3,0,0.0,0.0,1.0,1.0,1.0,0.0,0.0,3.0,BUDGET
19195.256805199457,19195.256805199457,1,2,0,0.0,0.0,1.0,1.0,0.0,1.0,0.0,3.0,BUDGET
12275.574056923699,6137.787028461849,2,2,0,0.0,0.0,1.0,1.0,1.0,0.0,0.0,3.0,BUDGET
53731.1236374561,13432.780909364024,4,5,1,1.0,0.0,0.0,0.0,0.0,1.0,1.0,3.0,NIGHTLIFE
30856.375217868575,7714.093804467144,4,5,2,1.0,0.0,0.0,1.0,0.0,0.0,1.0,3.0,NIGHTLIFE
34110.35318558908,8527.58829639727,4,7,1,0.0,0.0,1.0,1.0,1.0,1.0,0.0,4.0,FAMILY
69318.05847851923,23106.019492839743,3,7,1,0.0,1.0,1.0,1.0,0.0,0.0,0.0,3.0,ADVENTURE
57536.54975432576,28768.27487716288,2,3,1,1.0,0.0,0.0,1.0,0.0,0.0,1.0,3.0,NIGHTLIFE
8676.938948325203,4338.469474162602,2,3,0,0.0,0.0,1.0,1.0,0.0,1.0,0.0,3.0,BUDGET
26939.504902674584,13469.752451337292,2,6,0,0.0,1.0,1.0,1.0,0.0,0.0,0.0,3.0,ADVENTURE
58057.681149027245,29028.840574513622,2,3,2,1.0,0.0,0.0,0.0,0.0,1.0,1.0,3.0,NIGHTLIFE
44826.41919298336,22413.20959649168,2,5,1,1.0,0.0,0.0,1.0,0.0,0.0,1.0,3.0,NIGHTLIFE
48111.77208261442,12027.943020653605,4,6,1,0.0,0.0,1.0,1.0,1.0,1.0,0.0,4.0,FAMILY
136469.32875049452,136469.32875049452,1,7,2,0.0,0.0,1.0,1.0,0.0,1.0,1.0,4.0,LUXURY
27866.143398118347,13933.071699059174,2,5,2,1.0,0.0,0.0,1.0,0.0,0.0,1.0,3.0,NIGHTLIFE
61748.002279551656,12349.600455910331,5,4,2,0.0,0.0,1.0,1.0,1.0,1.0,0.0,4.0,FAMILY
16309.232394683244,8154.616197341622,2,4,0,0.0,0.0,1.0,1.0,1.0,0.0,0.0,3.0,BUDGET
48908.27830792914,16302.75943597638,3,4,2,1.0,0.0,0.0,1.0,0.0,0.0,1.0,3.0,NIGHTLIFE
189675.51416115358,189675.51416115358,1,5,2,0.0,0.0,1.0,1.0,0.0,1.0,1.0,4.0,LUXURY
211899.13325984782,105949.56662992391,2,6,2,0.0,0.0,1.0,1.0,0.0,1.0,1.0,4.0,LUXURY
47095.49286074867,23547.746430374336,2,5,1,1.0,0.0,0.0,1.0,0.0,0.0,1.0,3.0,NIGHTLIFE
37159.39727363562,12386.46575787854,3,5,2,1.0,0.0,0.0,1.0,0.0,0.0,1.0,3.0,NIGHTLIFE
59369.37996937736,19789.79332312579,3,3,1,1.0,0.0,0.0,1.0,0.0,0.0,1.0,3.0,NIGHTLIFE
120686.48871305096,120686.48871305096,1,3,2,0.0,0.0,1.0,1.0,0.0,1.0,1.0,4.0,LUXURY
49675.853078348606,24837.926539174303,2,3,1,1.0,0.0,0.0,1.0,0.0,0.0,1.0,3.0,NIGHTLIFE
14270.230299614277,14270.230299614277,1,3,0,0.0,0.0,1.0,1.0,1.0,0.0,0.0,3.0,BUDGET
18107.41729513998,9053.70864756999,2,3,0,0.0,0.0,1.0,1.0,0.0,1.0,0.0,3.0,BUDGET
42964.83794328869,10741.209485822172,4,5,2,0.0,0.0,1.0,1.0,1.0,1.0,0.0,4.0,FAMILY
17129.42058340277,8564.710291701385,2,4,0,0.0,0.0,1.0,1.0,1.0,0.0,0.0,3.0,BUDGET
33748.102160483926,16874.051080241963,2,4,0,0.0,0.0,1.0,1.0,1.0,1.0,0.0,4.0,CULTURAL
78858.70921106587,26286.236403688625,3,4,1,0.0,0.0,1.0,1.0,1.0,1.0,0.0,4.0,FAMILY
51252.8742298922,25626.4371149461,2,5,1,1.0,0.0,0.0,0.0,0.0,1.0,1.0,3.0,NIGHTLIFE
149342.30935316297,74671.15467658149,2,4,2,0.0,0.0,1.0,1.0,0.0,1.0,1.0,4.0,LUXURY
112011.42923590809,56005.71461795404,2,6,2,0.0,0.0,1.0,1.0,0.0,1.0,1.0,4.0,LUXURY
53834.77375205796,10766.954750411593,5,7,2,0.0,0.0,1.0,1.0,1.0,1.0,0.0,4.0,FAMILY
159654.68908049288,159654.68908049288,1,3,2,0.0,0.0,1.0,1.0,0.0,1.0,1.0,4.0,LUXURY
46905.69297321443,23452.846486607214,2,4,0,0.0,0.0,1.0,1.0,1.0,1.0,0.0,4.0,CULTURAL
14849.339656026943,7424.6698280134715,2,4,0,0.0,0.0,1.0,1.0,1.0,0.0,0.0,3.0,BUDGET
56850.37441756792,18950.124805855972,3,5,1,0.0,0.0,1.0,1.0,1.0,1.0,0.0,4.0,FAMILY
51674.69233915832,25837.34616957916,2,5,1,0.0,1.0,1.0,1.0,0.0,0.0,0.0,3.0,ADVENTURE
17028.49435325216,17028.49435325216,1,2,0,0.0,0.0,1.0,1.0,1.0,0.0,0.0,3.0,BUDGET
142355.71450986562,71177.85725493281,2,6,2,0.0,0.0,1.0,1.0,0.0,1.0,1.0,4.0,LUXURY
61833.48410836037,12366.696821672074,5,4,2,0.0,0.0,1.0,1.0,1.0,1.0,0.0,4.0,FAMILY
43077.10530925498,43077.10530925498,1,4,0,0.0,0.0,1.0,1.0,1.0,1.0,0.0,4.0,CULTURAL
49666.53412276099,16555.511374253663,3,6,1,0.0,1.0,1.0,1.0,0.0,0.0,0.0,3.0,ADVENTURE
57000.59573022553,14250.148932556382,4,7,1,0.0,0.0,1.0,1.0,1.0,1.0,0.0,4.0,FAMILY
220019.75110802543,220019.75110802543,1,3,2,0.0,0.0,1.0,1.0,0.0,1.0,1.0,4.0,LUXURY
160653.93540501958,160653.93540501958,1,4,2,0.0,0.0,1.0,1.0,0.0,1.0,1.0,4.0,LUXURY
46289.057011187666,46289.057011187666,1,5,1,0.0,0.0,1.0,1.0,1.0,1.0,0.0,4.0,CULTURAL
18640.16464757657,9320.082323788285,2,4,0,0.0,0.0,1.0,1.0,0.0,1.0,0.0,3.0,BUDGET
20760.2350649726,20760.2350649726,1,5,1,0.0,0.0,1.0,1.0,1.0,1.0,0.0,4.0,CULTURAL
31609.052255549468,10536.350751849823,3,3,1,0.0,0.0,1.0,1.0,1.0,1.0,0.0,4.0,CULTURAL
42403.66789773582,21201.83394886791,2,3,1,1.0,0.0,0.0,0.0,0.0,1.0,1.0,3.0,NIGHTLIFE
14619.054470528841,14619.054470528841,1,4,0,0.0,0.0,1.0,1.0,0.0,1.0,0.0,3.0,BUDGET
57949.775805988436,19316.591935329478,3,4,2,1.0,0.0,0.0,0.0,0.0,1.0,1.0,3.0,NIGHTLIFE
48247.727318534344,24123.863659267172,2,3,2,1.0,0.0,0.0,0.0,0.0,1.0,1.0,3.0,NIGHTLIFE
76841.1231016546,19210.28077541365,4,5,1,0.0,0.0,1.0,1.0,1.0,1.0,0.0,4.0,FAMILY
64580.90277846596,21526.967592821988,3,7,2,0.0,0.0,1.0,1.0,1.0,1.0,0.0,4.0,FAMILY
11371.558275106763,5685.779137553382,2,3,0,0.0,0.0,1.0,1.0,0.0,1.0,0.0,3.0,BUDGET
18928.234379068555,18928.234379068555,1,3,0,0.0,0.0,1.0,1.0,1.0,0.0,0.0,3.0,BUDGET
20530.041340156422,10265.020670078211,2,3,1,1.0,0.0,0.0,0.0,0.0,1.0,1.0,3.0,NIGHTLIFE
24631.65741207165,8210.55247069055,3,6,0,0.0,0.0,1.0,1.0,1.0,1.0,0.0,4.0,CULTURAL
42876.48815402403,10719.122038506008,4,3,1,1.0,0.0,0.0,0.0,0.0,1.0,1.0,3.0,NIGHTLIFE
60257.50363803655,15064.375909509137,4,6,1,0.0,1.0,1.0,1.0,0.0,0.0,0.0,3.0,ADVENTURE
18911.844824945383,9455.922412472692,2,3,0,0.0,0.0,1.0,1.0,0.0,1.0,0.0,3.0,BUDGET
45196.977211072895,22598.488605536448,2,3,1,0.0,0.0,1.0,1.0,1.0,1.0,0.0,4.0,CULTURAL
39057.46747673402,7811.493495346804,5,7,1,0.0,0.0,1.0,1.0,1.0,1.0,0.0,4.0,FAMILY
67117.40252862546,16779.350632156365,4,6,2,0.0,0.0,1.0,1.0,1.0,1.0,0.0,4.0,FAMILY
41026.08811462162,13675.362704873873,3,3,0,0.0,0.0,1.0,1.0,1.0,1.0,0.0,4.0,CULTURAL
48175.22046996741,48175.22046996741,1,6,0,0.0,0.0,1.0,1.0,1.0,1.0,0.0,4.0,CULTURAL
35757.98728337634,17878.99364168817,2,7,0,0.0,1.0,1.0,1.0,0.0,0.0,0.0,3.0,ADVENTURE
39901.59408584409,19950.797042922044,2,3,2,1.0,0.0,0.0,0.0,0.0,1.0,1.0,3.0,NIGHTLIFE
63264.605098902764,21088.201699634254,3,6,1,0.0,0.0,1.0,1.0,1.0,1.0,0.0,4.0,FAMILY
9544.980779595728,4772.490389797864,2,2,0,0.0,0.0,1.0,1.0,1.0,0.0,0.0,3.0,BUDGET
18408.18551878015,18408.18551878015,1,5,1,0.0,0.0,1.0,1.0,1.0,1.0,0.0,4.0,CULTURAL
195114.64433418377,65038.21477806126,3,5,2,0.0,0.0,1.0,1.0,0.0,1.0,1.0,4.0,LUXURY
17895.840622047504,17895.840622047504,1,3,0,0.0,0.0,1.0,1.0,1.0,1.0,0.0,4.0,CULTURAL
15759.503334643956,5253.167778214652,3,3,1,0.0,0.0,1.0,1.0,1.0,1.0,0.0,4.0,CULTURAL
172889.20261606245,172889.20261606245,1,5,2,0.0,0.0,1.0,1.0,0.0,1.0,1.0,4.0,LUXURY
36775.58446667887,9193.896116669717,4,4,2,1.0,0.0,0.0,0.0,0.0,1.0,1.0,3.0,NIGHTLIFE
34125.42672202106,11375.142240673687,3,7,1,0.0,0.0,1.0,1.0,1.0,1.0,0.0,4.0,FAMILY
25927.117129197817,12963.558564598909,2,3,1,1.0,0.0,0.0,1.0,0.0,0.0,1.0,3.0,NIGHTLIFE
27874.774311261044,27874.774311261044,1,5,1,0.0,0.0,1.0,1.0,1.0,1.0,0.0,4.0,CULTURAL
59121.13291036232,11824.226582072464,5,7,1,0.0,0.0,1.0,1.0,1.0,1.0,0.0,4.0,FAMILY
40808.0540210735,20404.02701053675,2,3,0,0.0,0.0,1.0,1.0,1.0,1.0,0.0,4.0,CULTURAL
36747.18368056817,12249.061226856056,3,4,0,0.0,1.0,1.0,1.0,0.0,0.0,0.0,3.0,ADVENTURE
33050.15672164587,16525.078360822936,2,4,2,1.0,0.0,0.0,1.0,0.0,0.0,1.0,3.0,NIGHTLIFE
38813.75269940582,9703.438174851455,4,8,0,0.0,1.0,1.0,1.0,0.0,0.0,0.0,3.0,ADVENTURE
17100.286740615415,17100.286740615415,1,6,1,0.0,0.0,1.0,1.0,1.0,1.0,0.0,4.0,CULTURAL
30925.910654629315,15462.955327314658,2,8,0,0.0,1.0,1.0,1.0,0.0,0.0,0.0,3.0,ADVENTURE
38243.52349017619,19121.761745088093,2,6,0,0.0,0.0,1.0,1.0,1.0,1.0,0.0,4.0,CULTURAL
26289.359240994454,8763.11974699815,3,4,1,0.0,1.0,1.0,1.0,0.0,0.0,0.0,3.0,ADVENTURE
36059.03130171628,18029.51565085814,2,4,1,0.0,0.0,1.0,1.0,1.0,1.0,0.0,4.0,CULTURAL
197097.7856102978,197097.7856102978,1,6,2,0.0,0.0,1.0,1.0,0.0,1.0,1.0,4.0,LUXURY
13113.097700563294,6556.548850281647,2,3,0,0.0,0.0,1.0,1.0,1.0,0.0,0.0,3.0,BUDGET
240515.5025188383,80171.8341729461,3,7,2,0.0,0.0,1.0,1.0,0.0,1.0,1.0,4.0,LUXURY
33053.53723727949,8263.384309319872,4,5,1,1.0,0.0,0.0,1.0,0.0,0.0,1.0,3.0,NIGHTLIFE
25836.0260779925,25836.0260779925,1,4,0,0.0,0.0,1.0,1.0,1.0,1.0,0.0,4.0,CULTURAL
25353.134519987725,8451.044839995908,3,5,1,1.0,0.0,0.0,0.0,0.0,1.0,1.0,3.0,NIGHTLIFE
116244.66833615296,116244.66833615296,1,5,2,0.0,0.0,1.0,1.0,0.0,1.0,1.0,4.0,LUXURY
247295.20887430743,123647.60443715371,2,4,2,0.0,0.0,1.0,1.0,0.0,1.0,1.0,4.0,LUXURY
16429.80900784531,8214.904503922655,2,4,0,0.0,0.0,1.0,1.0,1.0,0.0,0.0,3.0,BUDGET
21322.284427946037,10661.142213973018,2,6,1,0.0,0.0,1.0,1.0,1.0,1.0,0.0,4.0,CULTURAL
8063.600076771265,4031.8000383856324,2,2,0,0.0,0.0,1.0,1.0,0.0,1.0,0.0,3.0,BUDGET
18639.40578740792,18639.40578740792,1,3,0,0.0,0.0,1.0,1.0,0.0,1.0,0.0,3.0,BUDGET
27051.332107690097,6762.833026922524,4,4,0,0.0,1.0,1.0,1.0,0.0,0.0,0.0,3.0,ADVENTURE
27191.26817799684,6797.81704449921,4,5,0,0.0,1.0,1.0,1.0,0.0,0.0,0.0,3.0,ADVENTURE
110330.73641579428,55165.36820789714,2,6,2,0.0,0.0,1.0,1.0,0.0,1.0,1.0,4.0,LUXURY
69313.79783785473,13862.759567570945,5,5,1,0.0,0.0,1.0,1.0,1.0,1.0,0.0,4.0,FAMILY
64011.388960417666,21337.129653472555,3,7,1,0.0,0.0,1.0,1.0,1.0,1.0,0.0,4.0,FAMILY
243826.48207679836,243826.48207679836,1,7,2,0.0,0.0,1.0,1.0,0.0,1.0,1.0,4.0,LUXURY
16313.50301361311,5437.834337871037,3,5,1,0.0,0.0,1.0,1.0,1.0,1.0,0.0,4.0,CULTURAL
49216.33235798409,8202.722059664015,6,7,2,0.0,0.0,1.0,1.0,1.0,1.0,0.0,4.0,FAMILY
42075.085456847424,14025.028485615809,3,4,1,1.0,0.0,0.0,1.0,0.0,0.0,1.0,3.0,NIGHTLIFE
87675.73195008963,87675.73195008963,1,7,2,0.0,0.0,1.0,1.0,0.0,1.0,1.0,4.0,LUXURY
16792.850374150963,8396.425187075482,2,4,0,0.0,0.0,1.0,1.0,1.0,1.0,0.0,4.0,CULTURAL
46879.19794464138,23439.59897232069,2,5,1,0.0,0.0,1.0,1.0,1.0,1.0,0.0,4.0,CULTURAL
31556.70414422557,10518.901381408523,3,7,1,0.0,0.0,1.0,1.0,1.0,1.0,0.0,4.0,FAMILY
56008.94441867033,28004.472209335167,2,6,0,0.0,1.0,1.0,1.0,0.0,0.0,0.0,3.0,ADVENTURE
27603.487077373964,13801.743538686982,2,5,1,0.0,0.0,1.0,1.0,1.0,1.0,0.0,4.0,CULTURAL
48279.05949822865,12069.764874557162,4,4,2,1.0,0.0,0.0,0.0,0.0,1.0,1.0,3.0,NIGHTLIFE
37898.0492299956,12632.6830766652,3,3,1,0.0,0.0,1.0,1.0,1.0,1.0,0.0,4.0,CULTURAL
76515.94424189118,12752.65737364853,6,7,1,0.0,0.0,1.0,1.0,1.0,1.0,0.0,4.0,FAMILY
48654.03030083884,24327.01515041942,2,5,1,0.0,0.0,1.0,1.0,1.0,1.0,0.0,4.0,CULTURAL
232244.47594856046,232244.47594856046,1,6,2,0.0,0.0,1.0,1.0,0.0,1.0,1.0,4.0,LUXURY
9612.97612326769,9612.97612326769,1,3,0,0.0,0.0,1.0,1.0,0.0,1.0,0.0,3.0,BUDGET
207323.73564626774,103661.86782313387,2,6,2,0.0,0.0,1.0,1.0,0.0,1.0,1.0,4.0,LUXURY
63466.26004596677,31733.130022983383,2,6,0,0.0,1.0,1.0,1.0,0.0,0.0,0.0,3.0,ADVENTURE
43292.52378743258,43292.52378743258,1,6,0,0.0,0.0,1.0,1.0,1.0,1.0,0.0,4.0,CULTURAL
119835.26116058955,39945.08705352985,3,4,2,0.0,0.0,1.0,1.0,0.0,1.0,1.0,4.0,LUXURY
116302.28526335803,116302.28526335803,1,4,2,0.0,0.0,1.0,1.0,0.0,1.0,1.0,4.0,LUXURY
32186.781293998476,10728.927097999493,3,7,1,0.0,0.0,1.0,1.0,1.0,1.0,0.0,4.0,FAMILY
47783.14566046384,47783.14566046384,1,3,1,0.0,0.0,1.0,1.0,1.0,1.0,0.0,4.0,CULTURAL
151217.01621479617,75608.50810739808,2,5,2,0.0,0.0,1.0,1.0,0.0,1.0,1.0,4.0,LUXURY
55242.24409465089,13810.561023662722,4,4,2,0.0,0.0,1.0,1.0,1.0,1.0,0.0,4.0,FAMILY
190048.1628434255,63349.38761447516,3,5,2,0.0,0.0,1.0,1.0,0.0,1.0,1.0,4.0,LUXURY
244340.0438031383,122170.02190156915,2,3,2,0.0,0.0,1.0,1.0,0.0,1.0,1.0,4.0,LUXURY
17010.45281349797,17010.45281349797,1,4,0,0.0,0.0,1.0,1.0,1.0,0.0,0.0,3.0,BUDGET
52194.084200814395,13048.521050203599,4,8,1,0.0,1.0,1.0,1.0,0.0,0.0,0.0,3.0,ADVENTURE
242063.7832741633,242063.7832741633,1,7,2,0.0,0.0,1.0,1.0,0.0,1.0,1.0,4.0,LUXURY
64312.833793174694,16078.208448293673,4,7,1,0.0,1.0,1.0,1.0,0.0,0.0,0.0,3.0,ADVENTURE
24268.57126224116,24268.57126224116,1,5,0,0.0,0.0,1.0,1.0,1.0,1.0,0.0,4.0,CULTURAL
64394.20549399575,10732.367582332625,6,4,1,0.0,0.0,1.0,1.0,1.0,1.0,0.0,4.0,FAMILY
213676.38141715687,71225.46047238562,3,3,2,0.0,0.0,1.0,1.0,0.0,1.0,1.0,4.0,LUXURY
15233.382584279581,7616.691292139791,2,2,0,0.0,0.0,1.0,1.0,1.0,0.0,0.0,3.0,BUDGET
28449.27325891724,14224.63662945862,2,5,1,1.0,0.0,0.0,1.0,0.0,0.0,1.0,3.0,NIGHTLIFE
62786.183628082814,15696.545907020703,4,6,1,0.0,0.0,1.0,1.0,1.0,1.0,0.0,4.0,FAMILY
22935.69794144265,7645.23264714755,3,5,1,0.0,0.0,1.0,1.0,1.0,1.0,0.0,4.0,CULTURAL
215386.42284535052,107693.21142267526,2,3,2,0.0,0.0,1.0,1.0,0.0,1.0,1.0,4.0,LUXURY
19996.612079433566,9998.306039716783,2,4,0,0.0,0.0,1.0,1.0,1.0,0.0,0.0,3.0,BUDGET
18901.40673600354,9450.70336800177,2,3,0,0.0,0.0,1.0,1.0,0.0,1.0,0.0,3.0,BUDGET
46520.40019378869,11630.100048447173,4,4,2,0.0,0.0,1.0,1.0,1.0,1.0,0.0,4.0,FAMILY
35523.705656569735,8880.926414142434,4,7,1,0.0,0.0,1.0,1.0,1.0,1.0,0.0,4.0,FAMILY
9392.871686082995,9392.871686082995,1,4,0,0.0,0.0,1.0,1.0,1.0,0.0,0.0,3.0,BUDGET
17083.989586066746,8541.994793033373,2,4,0,0.0,0.0,1.0,1.0,0.0,1.0,0.0,3.0,BUDGET
45049.37285684255,11262.343214210638,4,5,1,1.0,0.0,0.0,0.0,0.0,1.0,1.0,3.0,NIGHTLIFE
42225.284518136825,10556.321129534206,4,5,1,0.0,1.0,1.0,1.0,0.0,0.0,0.0,3.0,ADVENTURE
155405.76873474548,77702.88436737274,2,6,2,0.0,0.0,1.0,1.0,0.0,1.0,1.0,4.0,LUXURY
207801.03390610628,103900.51695305314,2,5,2,0.0,0.0,1.0,1.0,0.0,1.0,1.0,4.0,LUXURY
138117.18069568567,46039.06023189522,3,6,2,0.0,0.0,1.0,1.0,0.0,1.0,1.0,4.0,LUXURY
24905.02224001772,12452.51112000886,2,3,0,0.0,0.0,1.0,1.0,1.0,1.0,0.0,4.0,CULTURAL
52678.956290873466,17559.652096957823,3,4,1,1.0,0.0,0.0,0.0,0.0,1.0,1.0,3.0,NIGHTLIFE
89742.75270178275,44871.376350891376,2,7,2,0.0,0.0,1.0,1.0,0.0,1.0,1.0,4.0,LUXURY
89344.27216276975,89344.27216276975,1,5,2,0.0,0.0,1.0,1.0,0.0,1.0,1.0,4.0,LUXURY
31975.82353486725,10658.60784495575,3,3,2,1.0,0.0,0.0,0.0,0.0,1.0,1.0,3.0,NIGHTLIFE
32540.49426870279,16270.247134351395,2,4,0,0.0,1.0,1.0,1.0,0.0,0.0,0.0,3.0,ADVENTURE
34750.58494961523,5791.764158269205,6,6,1,0.0,0.0,1.0,1.0,1.0,1.0,0.0,4.0,FAMILY
17356.292003273233,17356.292003273233,1,4,0,0.0,0.0,1.0,1.0,0.0,1.0,0.0,3.0,BUDGET
48856.48389737144,24428.24194868572,2,5,0,0.0,0.0,1.0,1.0,1.0,1.0,0.0,4.0,CULTURAL
66622.4365919045,13324.4873183809,5,7,2,0.0,0.0,1.0,1.0,1.0,1.0,0.0,4.0,FAMILY
114690.9460529221,38230.31535097403,3,3,2,0.0,0.0,1.0,1.0,0.0,1.0,1.0,4.0,LUXURY
30872.55688527329,7718.139221318323,4,4,1,0.0,1.0,1.0,1.0,0.0,0.0,0.0,3.0,ADVENTURE
45878.22783572678,22939.11391786339,2,3,1,0.0,0.0,1.0,1.0,1.0,1.0,0.0,4.0,CULTURAL
59409.29276731931,29704.646383659656,2,5,0,0.0,1.0,1.0,1.0,0.0,0.0,0.0,3.0,ADVENTURE
133663.6417978912,66831.8208989456,2,5,2,0.0,0.0,1.0,1.0,0.0,1.0,1.0,4.0,LUXURY
45945.55827075262,15315.186090250872,3,4,1,1.0,0.0,0.0,0.0,0.0,1.0,1.0,3.0,NIGHTLIFE
42475.23926728917,21237.619633644586,2,3,0,0.0,0.0,1.0,1.0,1.0,1.0,0.0,4.0,CULTURAL
239968.6948376543,79989.56494588476,3,6,2,0.0,0.0,1.0,1.0,0.0,1.0,1.0,4.0,LUXURY
235982.63208137863,117991.31604068931,2,6,2,0.0,0.0,1.0,1.0,0.0,1.0,1.0,4.0,LUXURY
45280.21077451074,7546.70179575179,6,6,1,0.0,0.0,1.0,1.0,1.0,1.0,0.0,4.0,FAMILY
55903.93831194077,18634.646103980256,3,6,1,0.0,0.0,1.0,1.0,1.0,1.0,0.0,4.0,FAMILY
37409.083199857654,9352.270799964414,4,7,1,0.0,1.0,1.0,1.0,0.0,0.0,0.0,3.0,ADVENTURE
8804.91772866113,8804.91772866113,1,4,0,0.0,0.0,1.0,1.0,1.0,0.0,0.0,3.0,BUDGET
32692.910349901307,5448.818391650218,6,5,1,0.0,0.0,1.0,1.0,1.0,1.0,0.0,4.0,FAMILY
60448.39847360664,30224.19923680332,2,6,1,0.0,1.0,1.0,1.0,0.0,0.0,0.0,3.0,ADVENTURE
51968.46791528749,25984.233957643744,2,5,0,0.0,1.0,1.0,1.0,0.0,0.0,0.0,3.0,ADVENTURE
34878.12551196499,5813.020918660831,6,7,2,0.0,0.0,1.0,1.0,1.0,1.0,0.0,4.0,FAMILY
37239.93724049602,9309.984310124006,4,6,0,0.0,1.0,1.0,1.0,0.0,0.0,0.0,3.0,ADVENTURE
204637.26428325594,68212.42142775198,3,4,2,0.0,0.0,1.0,1.0,0.0,1.0,1.0,4.0,LUXURY
32117.23622561717,10705.745408539056,3,3,1,1.0,0.0,0.0,1.0,0.0,0.0,1.0,3.0,NIGHTLIFE
29291.24145728516,9763.747152428386,3,8,0,0.0,1.0,1.0,1.0,0.0,0.0,0.0,3.0,ADVENTURE
45584.93751414497,15194.979171381658,3,4,1,0.0,1.0,1.0,1.0,0.0,0.0,0.0,3.0,ADVENTURE
49312.55019343395,12328.137548358487,4,6,0,0.0,1.0,1.0,1.0,0.0,0.0,0.0,3.0,ADVENTURE
47855.175569225205,23927.587784612602,2,6,0,0.0,0.0,1.0,1.0,1.0,1.0,0.0,4.0,CULTURAL
60939.510116048645,30469.755058024322,2,6,0,0.0,1.0,1.0,1.0,0.0,0.0,0.0,3.0,ADVENTURE
21120.937766820192,7040.312588940064,3,3,0,0.0,0.0,1.0,1.0,1.0,1.0,0.0,4.0,CULTURAL
64286.941615684154,21428.980538561384,3,8,1,0.0,1.0,1.0,1.0,0.0,0.0,0.0,3.0,ADVENTURE
179056.64491427908,59685.54830475969,3,4,2,0.0,0.0,1.0,1.0,0.0,1.0,1.0,4.0,LUXURY
52651.8599880234,17550.6199960078,3,6,0,0.0,1.0,1.0,1.0,0.0,0.0,0.0,3.0,ADVENTURE
25886.283354111794,8628.761118037264,3,3,0,0.0,0.0,1.0,1.0,1.0,1.0,0.0,4.0,CULTURAL
16818.81343459131,5606.27114486377,3,4,1,0.0,0.0,1.0,1.0,1.0,1.0,0.0,4.0,CULTURAL
140853.40307057,140853.40307057,1,3,2,0.0,0.0,1.0,1.0,0.0,1.0,1.0,4.0,LUXURY
52565.027423646476,13141.256855911619,4,5,2,1.0,0.0,0.0,0.0,0.0,1.0,1.0,3.0,NIGHTLIFE
30105.192158794172,7526.298039698543,4,4,2,0.0,0.0,1.0,1.0,1.0,1.0,0.0,4.0,FAMILY
47866.377339933744,15955.459113311248,3,8,1,0.0,1.0,1.0,1.0,0.0,0.0,0.0,3.0,ADVENTURE
163640.29400345407,81820.14700172703,2,3,2,0.0,0.0,1.0,1.0,0.0,1.0,1.0,4.0,LUXURY
205947.77562548703,102973.88781274352,2,3,2,0.0,0.0,1.0,1.0,0.0,1.0,1.0,4.0,LUXURY
51909.29053392856,12977.32263348214,4,5,2,1.0,0.0,0.0,0.0,0.0,1.0,1.0,3.0,NIGHTLIFE
53516.334994072145,13379.083748518036,4,5,2,1.0,0.0,0.0,0.0,0.0,1.0,1.0,3.0,NIGHTLIFE
74901.52744749935,24967.175815833118,3,7,2,0.0,0.0,1.0,1.0,1.0,1.0,0.0,4.0,FAMILY
223763.44934679114,111881.72467339557,2,5,2,0.0,0.0,1.0,1.0,0.0,1.0,1.0,4.0,LUXURY
25840.66371311042,8613.554571036808,3,3,0,0.0,0.0,1.0,1.0,1.0,1.0,0.0,4.0,CULTURAL
104278.43176038745,52139.215880193726,2,3,2,0.0,0.0,1.0,1.0,0.0,1.0,1.0,4.0,LUXURY
219544.33157473188,219544.33157473188,1,4,2,0.0,0.0,1.0,1.0,0.0,1.0,1.0,4.0,LUXURY
10507.024611384322,10507.024611384322,1,3,0,0.0,0.0,1.0,1.0,1.0,0.0,0.0,3.0,BUDGET
54643.82534446766,27321.91267223383,2,5,2,1.0,0.0,0.0,0.0,0.0,1.0,1.0,3.0,NIGHTLIFE
66225.8425699309,13245.16851398618,5,6,1,0.0,0.0,1.0,1.0,1.0,1.0,0.0,4.0,FAMILY
57907.52103857883,19302.50701285961,3,3,1,1.0,0.0,0.0,0.0,0.0,1.0,1.0,3.0,NIGHTLIFE
49773.925626830154,24886.962813415077,2,8,0,0.0,1.0,1.0,1.0,0.0,0.0,0.0,3.0,ADVENTURE
119589.45484580856,39863.15161526952,3,3,2,0.0,0.0,1.0,1.0,0.0,1.0,1.0,4.0,LUXURY
40544.44186177298,10136.110465443246,4,5,2,1.0,0.0,0.0,1.0,0.0,0.0,1.0,3.0,NIGHTLIFE
18519.84323190014,18519.84323190014,1,2,0,0.0,0.0,1.0,1.0,0.0,1.0,0.0,3.0,BUDGET
18519.984534349394,9259.992267174697,2,4,0,0.0,0.0,1.0,1.0,1.0,0.0,0.0,3.0,BUDGET
21346.767128554908,5336.691782138727,4,3,1,1.0,0.0,0.0,0.0,0.0,1.0,1.0,3.0,NIGHTLIFE
15530.065558620441,7765.032779310221,2,4,0,0.0,0.0,1.0,1.0,1.0,0.0,0.0,3.0,BUDGET
41836.89247184175,41836.89247184175,1,6,0,0.0,0.0,1.0,1.0,1.0,1.0,0.0,4.0,CULTURAL
49935.37398704926,12483.843496762314,4,3,2,1.0,0.0,0.0,0.0,0.0,1.0,1.0,3.0,NIGHTLIFE
65345.85963110546,32672.92981555273,2,8,0,0.0,1.0,1.0,1.0,0.0,0.0,0.0,3.0,ADVENTURE
31827.78696166417,7956.946740416042,4,4,2,1.0,0.0,0.0,1.0,0.0,0.0,1.0,3.0,NIGHTLIFE
35563.94897762371,8890.987244405927,4,7,1,0.0,1.0,1.0,1.0,0.0,0.0,0.0,3.0,ADVENTURE
101184.56074215121,50592.280371075605,2,4,2,0.0,0.0,1.0,1.0,0.0,1.0,1.0,4.0,LUXURY
33351.02284190423,33351.02284190423,1,4,0,0.0,0.0,1.0,1.0,1.0,1.0,0.0,4.0,CULTURAL
41199.660917056746,10299.915229264187,4,4,2,1.0,0.0,0.0,1.0,0.0,0.0,1.0,3.0,NIGHTLIFE
175528.99309834276,175528.99309834276,1,3,2,0.0,0.0,1.0,1.0,0.0,1.0,1.0,4.0,LUXURY
71444.16829413048,23814.722764710157,3,4,2,0.0,0.0,1.0,1.0,1.0,1.0,0.0,4.0,FAMILY
61705.20156881656,15426.30039220414,4,5,1,0.0,0.0,1.0,1.0,1.0,1.0,0.0,4.0,FAMILY
241125.3312224577,241125.3312224577,1,7,2,0.0,0.0,1.0,1.0,0.0,1.0,1.0,4.0,LUXURY
10460.543942078299,10460.543942078299,1,4,0,0.0,0.0,1.0,1.0,1.0,0.0,0.0,3.0,BUDGET
41743.345530260776,41743.345530260776,1,3,1,0.0,0.0,1.0,1.0,1.0,1.0,0.0,4.0,CULTURAL
46102.473984278105,23051.236992139053,2,6,1,0.0,0.0,1.0,1.0,1.0,1.0,0.0,4.0,CULTURAL
25215.35119627399,8405.117065424663,3,6,1,0.0,0.0,1.0,1.0,1.0,1.0,0.0,4.0,CULTURAL
163655.64175951664,163655.64175951664,1,4,2,0.0,0.0,1.0,1.0,0.0,1.0,1.0,4.0,LUXURY
13873.099563717686,13873.099563717686,1,4,0,0.0,0.0,1.0,1.0,0.0,1.0,0.0,3.0,BUDGET
46452.56826849355,15484.189422831185,3,4,2,0.0,0.0,1.0,1.0,1.0,1.0,0.0,4.0,FAMILY
238536.34048001334,79512.11349333778,3,6,2,0.0,0.0,1.0,1.0,0.0,1.0,1.0,4.0,LUXURY
16854.2692028783,16854.2692028783,1,2,0,0.0,0.0,1.0,1.0,0.0,1.0,0.0,3.0,BUDGET
47526.069284387406,11881.517321096851,4,5,0,0.0,1.0,1.0,1.0,0.0,0.0,0.0,3.0,ADVENTURE
30854.638541560424,10284.879513853475,3,4,1,1.0,0.0,0.0,0.0,0.0,1.0,1.0,3.0,NIGHTLIFE
25623.796116078705,6405.949029019676,4,4,0,0.0,1.0,1.0,1.0,0.0,0.0,0.0,3.0,ADVENTURE
32274.028085630856,10758.009361876952,3,6,1,0.0,0.0,1.0,1.0,1.0,1.0,0.0,4.0,CULTURAL
33411.16200313183,8352.790500782958,4,3,1,1.0,0.0,0.0,1.0,0.0,0.0,1.0,3.0,NIGHTLIFE
29273.437385276942,7318.359346319236,4,6,0,0.0,1.0,1.0,1.0,0.0,0.0,0.0,3.0,ADVENTURE
14145.116699591372,14145.116699591372,1,4,0,0.0,0.0,1.0,1.0,0.0,1.0,0.0,3.0,BUDGET
17464.187684087996,17464.187684087996,1,5,1,0.0,0.0,1.0,1.0,1.0,1.0,0.0,4.0,CULTURAL
28748.392012943328,14374.196006471664,2,4,2,1.0,0.0,0.0,1.0,0.0,0.0,1.0,3.0,NIGHTLIFE
40533.10945028333,13511.036483427777,3,5,1,0.0,0.0,1.0,1.0,1.0,1.0,0.0,4.0,FAMILY
8619.14967990452,4309.57483995226,2,4,0,0.0,0.0,1.0,1.0,0.0,1.0,0.0,3.0,BUDGET
19839.91106916617,19839.91106916617,1,5,0,0.0,0.0,1.0,1.0,1.0,1.0,0.0,4.0,CULTURAL
30620.20181386574,5103.366968977623,6,7,1,0.0,0.0,1.0,1.0,1.0,1.0,0.0,4.0,FAMILY
29962.764515742736,9987.588171914245,3,3,1,0.0,0.0,1.0,1.0,1.0,1.0,0.0,4.0,CULTURAL
76471.3347236557,25490.444907885234,3,4,2,0.0,0.0,1.0,1.0,1.0,1.0,0.0,4.0,FAMILY
50592.03889837109,12648.009724592772,4,5,2,1.0,0.0,0.0,0.0,0.0,1.0,1.0,3.0,NIGHTLIFE
49945.809365048,12486.452341262,4,3,1,1.0,0.0,0.0,0.0,0.0,1.0,1.0,3.0,NIGHTLIFE
14996.498731636306,7498.249365818153,2,3,0,0.0,0.0,1.0,1.0,0.0,1.0,0.0,3.0,BUDGET
43961.783486015265,10990.445871503816,4,5,2,1.0,0.0,0.0,1.0,0.0,0.0,1.0,3.0,NIGHTLIFE
53341.929449561845,13335.482362390461,4,5,1,0.0,1.0,1.0,1.0,0.0,0.0,0.0,3.0,ADVENTURE
72239.16140584438,12039.860234307396,6,6,2,0.0,0.0,1.0,1.0,1.0,1.0,0.0,4.0,FAMILY
26625.133881130612,6656.283470282653,4,3,2,1.0,0.0,0.0,0.0,0.0,1.0,1.0,3.0,NIGHTLIFE
20378.94475325364,6792.98158441788,3,6,0,0.0,0.0,1.0,1.0,1.0,1.0,0.0,4.0,CULTURAL
29069.09529319853,7267.273823299633,4,4,1,1.0,0.0,0.0,1.0,0.0,0.0,1.0,3.0,NIGHTLIFE
105484.57305201374,35161.52435067125,3,3,2,0.0,0.0,1.0,1.0,0.0,1.0,1.0,4.0,LUXURY
15274.09561341056,7637.04780670528,2,2,0,0.0,0.0,1.0,1.0,1.0,0.0,0.0,3.0,BUDGET
17862.320711484273,8931.160355742137,2,3,0,0.0,0.0,1.0,1.0,1.0,0.0,0.0,3.0,BUDGET
37762.35655377113,18881.178276885566,2,7,1,0.0,1.0,1.0,1.0,0.0,0.0,0.0,3.0,ADVENTURE
45434.937168659766,15144.979056219921,3,7,1,0.0,0.0,1.0,1.0,1.0,1.0,0.0,4.0,FAMILY
34377.98081282492,17188.99040641246,2,6,1,0.0,1.0,1.0,1.0,0.0,0.0,0.0,3.0,ADVENTURE
29155.01849933996,7288.75462483499,4,5,2,1.0,0.0,0.0,0.0,0.0,1.0,1.0,3.0,NIGHTLIFE
26193.144503908796,6548.286125977199,4,5,2,1.0,0.0,0.0,0.0,0.0,1.0,1.0,3.0,NIGHTLIFE
47610.95423932445,23805.477119662224,2,4,0,0.0,1.0,1.0,1.0,0.0,0.0,0.0,3.0,ADVENTURE
157606.5054080606,78803.2527040303,2,3,2,0.0,0.0,1.0,1.0,0.0,1.0,1.0,4.0,LUXURY
28660.076803209777,14330.038401604888,2,5,0,0.0,0.0,1.0,1.0,1.0,1.0,0.0,4.0,CULTURAL
12595.122497045479,12595.122497045479,1,3,0,0.0,0.0,1.0,1.0,1.0,0.0,0.0,3.0,BUDGET
60354.4789359377,12070.895787187541,5,5,1,0.0,0.0,1.0,1.0,1.0,1.0,0.0,4.0,FAMILY
30993.195655038555,15496.597827519277,2,8,1,0.0,1.0,1.0,1.0,0.0,0.0,0.0,3.0,ADVENTURE
59493.72922997322,19831.24307665774,3,4,1,0.0,1.0,1.0,1.0,0.0,0.0,0.0,3.0,ADVENTURE
33099.61622037233,16549.808110186164,2,6,0,0.0,0.0,1.0,1.0,1.0,1.0,0.0,4.0,CULTURAL
36451.65992282171,12150.553307607237,3,8,0,0.0,1.0,1.0,1.0,0.0,0.0,0.0,3.0,ADVENTURE
32271.79993255072,16135.89996627536,2,5,0,0.0,0.0,1.0,1.0,1.0,1.0,0.0,4.0,CULTURAL
15785.874083498911,7892.937041749456,2,4,0,0.0,0.0,1.0,1.0,0.0,1.0,0.0,3.0,BUDGET
16652.87067731642,16652.87067731642,1,4,1,0.0,0.0,1.0,1.0,1.0,1.0,0.0,4.0,CULTURAL
30016.62530602447,6003.325061204894,5,5,1,0.0,0.0,1.0,1.0,1.0,1.0,0.0,4.0,FAMILY
37595.16935108921,12531.723117029736,3,7,0,0.0,1.0,1.0,1.0,0.0,0.0,0.0,3.0,ADVENTURE
22639.56195735228,11319.78097867614,2,5,0,0.0,0.0,1.0,1.0,1.0,1.0,0.0,4.0,CULTURAL
18199.919410159822,18199.919410159822,1,5,0,0.0,0.0,1.0,1.0,1.0,1.0,0.0,4.0,CULTURAL
61803.538186491256,15450.884546622814,4,4,1,0.0,0.0,1.0,1.0,1.0,1.0,0.0,4.0,FAMILY
28688.4580589648,9562.819352988266,3,7,0,0.0,1.0,1.0,1.0,0.0,0.0,0.0,3.0,ADVENTURE
65466.71615161103,21822.238717203676,3,4,0,0.0,1.0,1.0,1.0,0.0,0.0,0.0,3.0,ADVENTURE
111182.01939465253,55591.00969732626,2,5,2,0.0,0.0,1.0,1.0,0.0,1.0,1.0,4.0,LUXURY
63792.0622543688,15948.0155635922,4,5,1,0.0,0.0,1.0,1.0,1.0,1.0,0.0,4.0,FAMILY
13018.916435487426,6509.458217743713,2,3,0,0.0,0.0,1.0,1.0,0.0,1.0,0.0,3.0,BUDGET
125524.72066884775,125524.72066884775,1,7,2,0.0,0.0,1.0,1.0,0.0,1.0,1.0,4.0,LUXURY
50499.31537902212,16833.105126340706,3,3,2,1.0,0.0,0.0,0.0,0.0,1.0,1.0,3.0,NIGHTLIFE
35772.3745537648,35772.3745537648,1,6,0,0.0,0.0,1.0,1.0,1.0,1.0,0.0,4.0,CULTURAL
31420.351204740462,7855.0878011851155,4,4,1,1.0,0.0,0.0,0.0,0.0,1.0,1.0,3.0,NIGHTLIFE
60647.208743280295,20215.7362477601,3,5,1,0.0,0.0,1.0,1.0,1.0,1.0,0.0,4.0,FAMILY
33633.54358050082,5605.590596750136,6,6,2,0.0,0.0,1.0,1.0,1.0,1.0,0.0,4.0,FAMILY
26399.57740521958,26399.57740521958,1,5,0,0.0,0.0,1.0,1.0,1.0,1.0,0.0,4.0,CULTURAL
11918.489225670024,5959.244612835012,2,4,0,0.0,0.0,1.0,1.0,0.0,1.0,0.0,3.0,BUDGET
41277.00712218677,6879.501187031128,6,6,1,0.0,0.0,1.0,1.0,1.0,1.0,0.0,4.0,FAMILY
49178.55079326655,24589.275396633275,2,5,1,1.0,0.0,0.0,1.0,0.0,0.0,1.0,3.0,NIGHTLIFE
29139.169915607923,29139.169915607923,1,6,0,0.0,0.0,1.0,1.0,1.0,1.0,0.0,4.0,CULTURAL
43264.89171956774,10816.222929891936,4,5,1,1.0,0.0,0.0,0.0,0.0,1.0,1.0,3.0,NIGHTLIFE
55515.1223929394,27757.5611964697,2,4,1,0.0,1.0,1.0,1.0,0.0,0.0,0.0,3.0,ADVENTURE
31442.261101503685,7860.565275375921,4,7,0,0.0,1.0,1.0,1.0,0.0,0.0,0.0,3.0,ADVENTURE
58667.4672817609,19555.822427253635,3,4,1,0.0,0.0,1.0,1.0,1.0,1.0,0.0,4.0,FAMILY
177054.1991378646,88527.0995689323,2,7,2,0.0,0.0,1.0,1.0,0.0,1.0,1.0,4.0,LUXURY
8318.135726499462,4159.067863249731,2,4,0,0.0,0.0,1.0,1.0,0.0,1.0,0.0,3.0,BUDGET
32036.286692331043,16018.143346165522,2,3,1,0.0,0.0,1.0,1.0,1.0,1.0,0.0,4.0,CULTURAL
51317.251508760586,12829.312877190147,4,8,0,0.0,1.0,1.0,1.0,0.0,0.0,0.0,3.0,ADVENTURE
9249.302983814887,9249.302983814887,1,2,0,0.0,0.0,1.0,1.0,1.0,0.0,0.0,3.0,BUDGET
42978.34530641206,21489.17265320603,2,7,0,0.0,1.0,1.0,1.0,0.0,0.0,0.0,3.0,ADVENTURE
37124.77714507566,6187.462857512611,6,5,1,0.0,0.0,1.0,1.0,1.0,1.0,0.0,4.0,FAMILY
34241.7592943107,34241.7592943107,1,4,1,0.0,0.0,1.0,1.0,1.0,1.0,0.0,4.0,CULTURAL
170330.66139795817,85165.33069897909,2,5,2,0.0,0.0,1.0,1.0,0.0,1.0,1.0,4.0,LUXURY
37042.83910504388,12347.613035014627,3,3,2,1.0,0.0,0.0,0.0,0.0,1.0,1.0,3.0,NIGHTLIFE
57165.58080061851,14291.395200154628,4,3,1,1.0,0.0,0.0,0.0,0.0,1.0,1.0,3.0,NIGHTLIFE
32183.120564447527,10727.706854815842,3,5,0,0.0,1.0,1.0,1.0,0.0,0.0,0.0,3.0,ADVENTURE
48001.37091088417,12000.342727721043,4,5,1,1.0,0.0,0.0,1.0,0.0,0.0,1.0,3.0,NIGHTLIFE
